timestamp;leftHandX;leftHandY;leftHandZ;rightHandX;rightHandY;rightHandZ
1/26/2025 4:34:01 PM;-0.695;1.728;2.536;-0.695;1.728;2.536
1/26/2025 4:34:04 PM;-0.695;1.728;2.536;-0.695;1.728;2.536
1/26/2025 4:34:05 PM;-0.695;1.728;2.536;-0.695;1.728;2.536
1/26/2025 4:34:06 PM;-0.695;1.728;2.536;-0.695;1.728;2.536
1/26/2025 4:34:07 PM;-0.695;1.728;2.536;-0.695;1.728;2.536
1/26/2025 4:34:08 PM;-0.695;1.728;2.536;-0.695;1.728;2.536
1/26/2025 4:34:09 PM;-0.695;1.728;2.536;-0.695;1.728;2.536
1/26/2025 4:34:10 PM;-0.695;1.728;2.536;-0.695;1.728;2.536
1/26/2025 4:34:11 PM;-0.695;1.728;2.536;-0.695;1.728;2.536
1/26/2025 4:34:12 PM;-0.695;1.728;2.536;-0.1254754;0.8451453;1.629383
1/26/2025 4:34:13 PM;-0.695;1.728;2.536;-0.1329575;0.8375166;1.643962
1/26/2025 4:34:14 PM;-0.695;1.728;2.536;-0.1573265;0.8615211;1.657756
1/26/2025 4:34:15 PM;-0.695;1.728;2.536;-0.1465063;0.8492236;1.648848
1/26/2025 4:34:16 PM;-0.695;1.728;2.536;-0.1428498;0.8522909;1.65367
1/26/2025 4:34:17 PM;-0.695;1.728;2.536;-0.141138;0.8467922;1.653751
1/26/2025 4:34:18 PM;-0.695;1.728;2.536;-0.1393835;0.8544117;1.653564
1/26/2025 4:34:19 PM;-0.695;1.728;2.536;-0.1359845;0.8488968;1.66012
1/26/2025 4:34:20 PM;-0.695;1.728;2.536;-0.12918;0.8471136;1.65804
1/26/2025 4:34:21 PM;-0.695;1.728;2.536;-0.1585343;0.8611802;1.67743
1/26/2025 4:34:22 PM;-0.695;1.728;2.536;-0.1527745;0.8593168;1.668233
1/26/2025 4:34:23 PM;-0.695;1.728;2.536;-0.137116;0.852411;1.656444
1/26/2025 4:34:24 PM;-0.695;1.728;2.536;-0.144307;0.8618262;1.670236
1/26/2025 4:34:25 PM;-0.695;1.728;2.536;-0.1402574;0.858255;1.665796
1/26/2025 4:34:26 PM;-0.695;1.728;2.536;-0.1329;0.8472129;1.647084
1/26/2025 4:34:27 PM;-0.695;1.728;2.536;-0.1384007;0.8577498;1.659721
1/26/2025 4:34:28 PM;-0.695;1.728;2.536;-0.1385106;0.8533148;1.651498
1/26/2025 4:34:29 PM;-0.695;1.728;2.536;-0.1153905;0.88563;1.70073
1/26/2025 4:34:30 PM;-0.695;1.728;2.536;-0.1251351;0.8822429;1.706249
timestamp;leftHandX;leftHandY;leftHandZ;rightHandX;rightHandY;rightHandZ
1/26/2025 4:37:05 PM;-0.695;1.728;2.536;-0.695;1.728;2.536
1/26/2025 4:37:07 PM;-0.695;1.728;2.536;-0.695;1.728;2.536
1/26/2025 4:37:08 PM;-0.695;1.728;2.536;-0.695;1.728;2.536
1/26/2025 4:37:09 PM;-0.695;1.728;2.536;-0.695;1.728;2.536
1/26/2025 4:37:10 PM;-0.695;1.728;2.536;-0.695;1.728;2.536
1/26/2025 4:37:11 PM;-0.695;1.728;2.536;-0.695;1.728;2.536
1/26/2025 4:37:12 PM;-0.695;1.728;2.536;-0.695;1.728;2.536
1/26/2025 4:37:13 PM;-0.695;1.728;2.536;-0.695;1.728;2.536
1/26/2025 4:37:14 PM;-0.695;1.728;2.536;-0.695;1.728;2.536
1/26/2025 4:37:15 PM;-0.695;1.728;2.536;-0.695;1.728;2.536
1/26/2025 4:37:16 PM;-0.695;1.728;2.536;-0.695;1.728;2.536
1/26/2025 4:37:17 PM;-0.695;1.728;2.536;-0.695;1.728;2.536
1/26/2025 4:37:18 PM;-0.695;1.728;2.536;-0.695;1.728;2.536
1/26/2025 4:37:19 PM;-0.695;1.728;2.536;-0.695;1.728;2.536
1/26/2025 4:37:20 PM;-0.695;1.728;2.536;-0.695;1.728;2.536
1/26/2025 4:37:21 PM;-0.695;1.728;2.536;-0.695;1.728;2.536
1/26/2025 4:37:22 PM;-0.695;1.728;2.536;-0.695;1.728;2.536
1/26/2025 4:37:23 PM;-0.695;1.728;2.536;-0.695;1.728;2.536
1/26/2025 4:37:24 PM;-0.695;1.728;2.536;-0.695;1.728;2.536
1/26/2025 4:37:25 PM;-0.695;1.728;2.536;-0.695;1.728;2.536
1/26/2025 4:37:26 PM;-0.695;1.728;2.536;-0.695;1.728;2.536
1/26/2025 4:37:27 PM;-0.695;1.728;2.536;-0.695;1.728;2.536
timestamp;leftHandX;leftHandY;leftHandZ;rightHandX;rightHandY;rightHandZ
1/26/2025 4:37:36 PM;-0.695;1.728;2.536;-0.695;1.728;2.536
1/26/2025 4:37:38 PM;-0.695;1.728;2.536;-0.695;1.728;2.536
1/26/2025 4:37:39 PM;-0.695;1.728;2.536;-0.695;1.728;2.536
1/26/2025 4:37:40 PM;-0.695;1.728;2.536;-0.695;1.728;2.536
1/26/2025 4:37:41 PM;-0.695;1.728;2.536;-0.695;1.728;2.536
1/26/2025 4:37:42 PM;-0.695;1.728;2.536;-0.695;1.728;2.536
1/26/2025 4:37:43 PM;-0.695;1.728;2.536;-0.695;1.728;2.536
1/26/2025 4:37:44 PM;-0.695;1.728;2.536;-0.695;1.728;2.536
1/26/2025 4:37:45 PM;-0.695;1.728;2.536;-0.695;1.728;2.536
1/26/2025 4:37:46 PM;-0.695;1.728;2.536;-0.695;1.728;2.536
1/26/2025 4:37:47 PM;-0.695;1.728;2.536;-0.695;1.728;2.536
1/26/2025 4:37:48 PM;-0.695;1.728;2.536;-0.695;1.728;2.536
1/26/2025 4:37:49 PM;-0.695;1.728;2.536;-0.695;1.728;2.536
1/26/2025 4:37:50 PM;-0.695;1.728;2.536;-0.695;1.728;2.536
1/26/2025 4:37:51 PM;-0.695;1.728;2.536;-0.695;1.728;2.536
1/26/2025 4:37:52 PM;-0.695;1.728;2.536;-0.695;1.728;2.536
1/26/2025 4:37:53 PM;-0.695;1.728;2.536;-0.695;1.728;2.536
1/26/2025 4:37:54 PM;-0.695;1.728;2.536;-0.695;1.728;2.536
1/26/2025 4:37:55 PM;-0.695;1.728;2.536;-0.695;1.728;2.536
1/26/2025 4:37:56 PM;-0.695;1.728;2.536;-0.695;1.728;2.536
1/26/2025 4:37:57 PM;-0.695;1.728;2.536;-0.695;1.728;2.536
1/26/2025 4:37:58 PM;-0.695;1.728;2.536;-0.695;1.728;2.536
1/26/2025 4:37:59 PM;-0.695;1.728;2.536;-0.695;1.728;2.536
1/26/2025 4:38:00 PM;-0.695;1.728;2.536;-0.695;1.728;2.536
1/26/2025 4:38:01 PM;-0.695;1.728;2.536;-0.695;1.728;2.536
1/26/2025 4:38:02 PM;-0.695;1.728;2.536;-0.695;1.728;2.536
1/26/2025 4:38:03 PM;-0.695;1.728;2.536;-0.695;1.728;2.536
1/26/2025 4:38:04 PM;-0.695;1.728;2.536;-0.695;1.728;2.536
1/26/2025 4:38:06 PM;-0.695;1.728;2.536;-0.695;1.728;2.536
1/26/2025 4:38:07 PM;-0.695;1.728;2.536;-0.695;1.728;2.536
1/26/2025 4:38:08 PM;-0.695;1.728;2.536;-0.695;1.728;2.536
1/26/2025 4:38:09 PM;-0.695;1.728;2.536;-0.695;1.728;2.536
1/26/2025 4:38:10 PM;-0.695;1.728;2.536;-0.695;1.728;2.536
1/26/2025 4:38:11 PM;-0.695;1.728;2.536;-0.695;1.728;2.536
1/26/2025 4:38:12 PM;-0.695;1.728;2.536;-0.695;1.728;2.536
1/26/2025 4:38:13 PM;-0.695;1.728;2.536;-0.695;1.728;2.536
1/26/2025 4:38:14 PM;-0.695;1.728;2.536;-0.695;1.728;2.536
1/26/2025 4:38:15 PM;-0.695;1.728;2.536;-0.695;1.728;2.536
1/26/2025 4:38:16 PM;-0.695;1.728;2.536;-0.695;1.728;2.536
1/26/2025 4:38:17 PM;-0.695;1.728;2.536;-0.695;1.728;2.536
timestamp;leftHandX;leftHandY;leftHandZ;rightHandX;rightHandY;rightHandZ
1/26/2025 4:38:54 PM;-0.695;1.728;2.536;-0.695;1.728;2.536
1/26/2025 4:38:56 PM;-0.695;1.728;2.536;-0.695;1.728;2.536
1/26/2025 4:38:57 PM;-0.695;1.728;2.536;-0.695;1.728;2.536
1/26/2025 4:38:58 PM;-0.695;1.728;2.536;-0.695;1.728;2.536
1/26/2025 4:38:59 PM;-0.695;1.728;2.536;-0.695;1.728;2.536
1/26/2025 4:39:00 PM;-0.695;1.728;2.536;-0.695;1.728;2.536
1/26/2025 4:39:01 PM;-0.695;1.728;2.536;-0.695;1.728;2.536
1/26/2025 4:39:02 PM;-0.695;1.728;2.536;-0.695;1.728;2.536
1/26/2025 4:39:03 PM;-0.695;1.728;2.536;-0.695;1.728;2.536
1/26/2025 4:39:04 PM;-0.695;1.728;2.536;-0.695;1.728;2.536
1/26/2025 4:39:05 PM;-0.695;1.728;2.536;-0.695;1.728;2.536
1/26/2025 4:39:06 PM;-0.695;1.728;2.536;-0.695;1.728;2.536
1/26/2025 4:39:07 PM;-0.695;1.728;2.536;-0.695;1.728;2.536
1/26/2025 4:39:08 PM;-0.695;1.728;2.536;-0.695;1.728;2.536
1/26/2025 4:39:09 PM;-0.695;1.728;2.536;-0.695;1.728;2.536
1/26/2025 4:39:10 PM;-0.695;1.728;2.536;-0.695;1.728;2.536
1/26/2025 4:39:11 PM;-0.695;1.728;2.536;-0.695;1.728;2.536
1/26/2025 4:39:12 PM;-0.695;1.728;2.536;-0.695;1.728;2.536
1/26/2025 4:39:13 PM;-0.695;1.728;2.536;-0.695;1.728;2.536
1/26/2025 4:39:14 PM;-0.695;1.728;2.536;-0.695;1.728;2.536
1/26/2025 4:39:15 PM;-0.695;1.728;2.536;-0.695;1.728;2.536
1/26/2025 4:39:16 PM;-0.695;1.728;2.536;-0.695;1.728;2.536
1/26/2025 4:39:17 PM;-0.695;1.728;2.536;-0.695;1.728;2.536
1/26/2025 4:39:18 PM;-0.695;1.728;2.536;-0.695;1.728;2.536
1/26/2025 4:39:19 PM;-0.695;1.728;2.536;-0.695;1.728;2.536
1/26/2025 4:39:20 PM;-0.695;1.728;2.536;-0.695;1.728;2.536
1/26/2025 4:39:21 PM;-0.695;1.728;2.536;-0.695;1.728;2.536
1/26/2025 4:39:22 PM;-0.695;1.728;2.536;-0.695;1.728;2.536
1/26/2025 4:39:23 PM;-0.695;1.728;2.536;-0.695;1.728;2.536
1/26/2025 4:39:24 PM;-0.695;1.728;2.536;-0.695;1.728;2.536
1/26/2025 4:39:25 PM;-0.695;1.728;2.536;-0.695;1.728;2.536
1/26/2025 4:39:26 PM;-0.695;1.728;2.536;-0.695;1.728;2.536
1/26/2025 4:39:27 PM;-0.695;1.728;2.536;-0.695;1.728;2.536
1/26/2025 4:39:28 PM;-0.695;1.728;2.536;-0.695;1.728;2.536
1/26/2025 4:39:29 PM;-0.695;1.728;2.536;-0.695;1.728;2.536
timestamp;leftHandX;leftHandY;leftHandZ;rightHandX;rightHandY;rightHandZ
1/26/2025 4:39:39 PM;-0.695;1.728;2.536;-0.695;1.728;2.536
1/26/2025 4:39:41 PM;-0.695;1.728;2.536;-0.695;1.728;2.536
1/26/2025 4:39:42 PM;-0.695;1.728;2.536;-0.695;1.728;2.536
1/26/2025 4:39:43 PM;-0.695;1.728;2.536;-0.695;1.728;2.536
1/26/2025 4:39:44 PM;-0.695;1.728;2.536;-0.695;1.728;2.536
1/26/2025 4:39:45 PM;-0.695;1.728;2.536;-0.695;1.728;2.536
1/26/2025 4:39:46 PM;-0.695;1.728;2.536;-0.695;1.728;2.536
1/26/2025 4:39:47 PM;-0.695;1.728;2.536;-0.695;1.728;2.536
1/26/2025 4:39:48 PM;-0.695;1.728;2.536;-0.695;1.728;2.536
1/26/2025 4:39:49 PM;-0.695;1.728;2.536;-0.695;1.728;2.536
1/26/2025 4:39:50 PM;-0.695;1.728;2.536;-0.695;1.728;2.536
1/26/2025 4:39:51 PM;-0.695;1.728;2.536;-0.695;1.728;2.536
1/26/2025 4:39:52 PM;-0.695;1.728;2.536;-0.695;1.728;2.536
1/26/2025 4:39:53 PM;-0.695;1.728;2.536;-0.695;1.728;2.536
1/26/2025 4:39:54 PM;-0.695;1.728;2.536;-0.695;1.728;2.536
1/26/2025 4:39:55 PM;-0.695;1.728;2.536;-0.695;1.728;2.536
1/26/2025 4:39:56 PM;-0.695;1.728;2.536;-0.695;1.728;2.536
1/26/2025 4:39:57 PM;-0.695;1.728;2.536;-0.695;1.728;2.536
1/26/2025 4:39:58 PM;-0.695;1.728;2.536;-0.695;1.728;2.536
1/26/2025 4:39:59 PM;-0.695;1.728;2.536;-0.695;1.728;2.536
1/26/2025 4:40:00 PM;-0.695;1.728;2.536;-0.695;1.728;2.536
1/26/2025 4:40:01 PM;-0.695;1.728;2.536;-0.695;1.728;2.536
timestamp;leftHandX;leftHandY;leftHandZ;rightHandX;rightHandY;rightHandZ
1/26/2025 4:49:33 PM;-0.695;1.728;2.536;-0.695;1.728;2.536
1/26/2025 4:49:35 PM;-0.695;1.728;2.536;-0.695;1.728;2.536
timestamp;leftHandX;leftHandY;leftHandZ;rightHandX;rightHandY;rightHandZ
1/26/2025 4:50:07 PM;-0.695;1.728;2.536;-0.695;1.728;2.536
1/26/2025 4:50:09 PM;-0.695;1.728;2.536;-0.695;1.728;2.536
1/26/2025 4:50:10 PM;-0.695;1.728;2.536;-0.8821779;1.359185;1.605326
1/26/2025 4:50:11 PM;-0.695;1.728;2.536;-0.695;1.728;2.536
1/26/2025 4:50:12 PM;-0.695;1.728;2.536;-0.695;1.728;2.536
1/26/2025 4:50:13 PM;-0.695;1.728;2.536;-0.695;1.728;2.536
1/26/2025 4:50:14 PM;-0.695;1.728;2.536;-1.465372;1.73355;1.931455
1/26/2025 4:50:15 PM;-0.695;1.728;2.536;-1.468614;1.751299;1.937827
1/26/2025 4:50:16 PM;-0.695;1.728;2.536;-0.1883472;1.296644;2.307676
1/26/2025 4:50:17 PM;-0.695;1.728;2.536;-0.04204863;1.042218;2.361847
1/26/2025 4:50:18 PM;-0.695;1.728;2.536;-0.142086;1.248229;2.314823
1/26/2025 4:50:19 PM;-0.3319673;1.219021;2.747837;-0.1328741;1.227238;2.275901
1/26/2025 4:50:20 PM;-0.3200082;1.190679;2.588629;-0.2287689;1.157384;2.411661
1/26/2025 4:50:21 PM;-0.4049088;1.229639;2.711576;-0.2721325;1.260643;2.400714
1/26/2025 4:50:22 PM;-0.695;1.728;2.536;-0.695;1.728;2.536
1/26/2025 4:50:23 PM;-0.695;1.728;2.536;-0.695;1.728;2.536
1/26/2025 4:50:24 PM;-0.09534866;0.4896019;2.70368;0.1863531;0.8764115;2.17615
timestamp;leftHandX;leftHandY;leftHandZ;rightHandX;rightHandY;rightHandZ
1/26/2025 4:51:19 PM;-0.695;1.728;2.536;-0.695;1.728;2.536
1/26/2025 4:51:22 PM;-0.695;1.728;2.536;-0.695;1.728;2.536
1/26/2025 4:51:23 PM;-0.695;1.728;2.536;-0.695;1.728;2.536
1/26/2025 4:51:24 PM;-0.695;1.728;2.536;-0.695;1.728;2.536
1/26/2025 4:51:25 PM;-0.695;1.728;2.536;-0.695;1.728;2.536
1/26/2025 4:51:26 PM;-0.695;1.728;2.536;-0.695;1.728;2.536
1/26/2025 4:51:27 PM;-0.1499194;0.4416031;2.569738;-0.1269978;0.447176;2.229516
1/26/2025 4:51:28 PM;-0.1791467;0.4456875;2.588669;-0.1423151;0.4408679;2.213279
1/26/2025 4:51:29 PM;-0.1877275;0.4530517;2.5874;-0.1406394;0.44576;2.212003
1/26/2025 4:51:30 PM;-0.1446868;0.4051727;2.577105;-0.1354817;0.4433213;2.210263
1/26/2025 4:51:31 PM;-0.1449555;0.4040362;2.583518;-0.1369808;0.4435302;2.208955
1/26/2025 4:51:32 PM;-0.1761351;0.4642899;2.592936;-0.145695;0.4541681;2.21999
1/26/2025 4:51:33 PM;-0.1616631;0.4298216;2.57946;-0.1264623;0.4291376;2.203963
1/26/2025 4:51:34 PM;-0.1707654;0.4418545;2.581567;-0.3776748;1.186038;2.283009
1/26/2025 4:51:35 PM;-0.4046111;0.7296512;2.527039;-0.4548725;1.513624;2.089142
1/26/2025 4:51:36 PM;-0.2512395;0.5443709;2.555595;-0.357857;1.226506;2.27685
1/26/2025 4:51:37 PM;0.430039;0.9364726;2.53601;0.3772114;1.02423;2.336025
1/26/2025 4:51:38 PM;0.420168;0.94028;2.55091;0.3959371;0.9510501;2.340346
1/26/2025 4:51:39 PM;0.2961038;0.9506094;2.503091;0.3396407;0.9763979;2.320707
1/26/2025 4:51:40 PM;0.3389357;0.9376715;2.49858;0.3474197;1.004189;2.277572
1/26/2025 4:51:41 PM;-0.2707406;0.594331;2.54934;-0.4086025;1.238393;2.350347
1/26/2025 4:51:42 PM;-0.4996109;0.8442064;2.742585;-0.4413446;1.176664;2.406524
1/26/2025 4:51:43 PM;-0.2706962;0.5828516;2.549845;-0.5255061;1.150754;2.43946
1/26/2025 4:51:44 PM;-0.2645841;0.5481305;2.558409;-0.5327255;1.129096;2.432032
1/26/2025 4:51:45 PM;-0.2674643;0.5521164;2.552351;-0.5307913;1.128644;2.439008
1/26/2025 4:51:46 PM;-0.2520056;0.5528097;2.53937;-0.5308335;1.142046;2.437535
1/26/2025 4:51:47 PM;-0.2591124;0.5675559;2.552799;-0.5130247;1.138204;2.436656
1/26/2025 4:51:48 PM;-0.2254792;0.5368557;2.545434;-0.2914931;1.078094;2.430445
1/26/2025 4:51:49 PM;-0.2132164;0.5209119;2.553028;-0.2810329;1.10217;2.406211
1/26/2025 4:51:50 PM;-0.2136518;0.4715434;2.536144;-0.3002642;1.086299;2.391535
1/26/2025 4:51:51 PM;-0.2428478;0.527221;2.545433;-0.3010765;1.111409;2.399554
1/26/2025 4:51:52 PM;-0.2340401;0.5504476;2.549748;-0.3377935;1.14099;2.389366
1/26/2025 4:51:53 PM;-0.2563772;0.5575553;2.549787;-0.695;1.728;2.536
1/26/2025 4:51:54 PM;-0.2466559;0.5454262;2.545807;-0.1883078;1.248737;1.536652
1/26/2025 4:51:55 PM;-0.2493827;0.5522559;2.54958;-0.695;1.728;2.536
1/26/2025 4:51:56 PM;-0.241123;0.5577674;2.541694;-0.3722509;1.414389;2.259421
1/26/2025 4:51:57 PM;-0.2457324;0.5652478;2.538844;0.1318997;0.9339692;2.016541
1/26/2025 4:51:58 PM;-0.2412491;0.5665061;2.546396;0.1179761;0.9575306;2.024486
1/26/2025 4:51:59 PM;-0.2413662;0.5687808;2.543061;0.1091377;0.9738647;2.00916
1/26/2025 4:52:00 PM;-0.246089;0.563255;2.54525;0.07884955;0.9294656;2.023952
timestamp;leftHandX;leftHandY;leftHandZ;rightHandX;rightHandY;rightHandZ
1/26/2025 4:52:49 PM;-0.695;1.728;2.536;-0.695;1.728;2.536
1/26/2025 4:52:51 PM;-0.695;1.728;2.536;-0.695;1.728;2.536
1/26/2025 4:52:52 PM;-0.1727794;0.5007328;2.572843;-0.1100211;0.5294858;2.223106
1/26/2025 4:52:53 PM;-0.1779129;0.501581;2.582555;-0.1074944;0.5163128;2.219553
1/26/2025 4:52:54 PM;-0.1790094;0.5041614;2.576126;-0.1145874;0.5197328;2.218613
1/26/2025 4:52:55 PM;-0.1777179;0.5161766;2.587042;-0.1155129;0.5478956;2.225971
1/26/2025 4:52:56 PM;-0.1812188;0.5122383;2.582176;-0.1089979;0.526531;2.222396
1/26/2025 4:52:57 PM;-0.1673448;0.51586;2.56735;-0.3551962;0.9937675;2.242737
1/26/2025 4:52:58 PM;-0.1808237;0.5246478;2.576721;-0.1491916;0.9513439;2.334363
1/26/2025 4:52:59 PM;-0.1733573;0.5109526;2.574014;-0.08545727;0.9917341;2.273931
1/26/2025 4:53:00 PM;-0.1812014;0.5258461;2.569462;-0.232076;1.212886;2.24247
1/26/2025 4:53:01 PM;-0.420343;1.038008;2.593503;-0.4204009;1.181762;2.28185
1/26/2025 4:53:02 PM;0.2820957;0.9639183;2.563374;-0.1479709;1.212343;2.559547
1/26/2025 4:53:03 PM;0.0342446;1.167453;2.566566;-0.3527717;1.028626;2.492747
1/26/2025 4:53:04 PM;0.03424466;1.167453;2.566566;-0.3648326;1.026961;2.485162
1/26/2025 4:53:05 PM;0.0342446;1.167453;2.566566;-0.330617;1.042344;2.460049
1/26/2025 4:53:06 PM;0.03424466;1.167453;2.566566;-0.3410439;1.032689;2.462227
1/26/2025 4:53:07 PM;0.03424466;1.167453;2.566566;-0.3527004;1.073965;2.486978
1/26/2025 4:53:08 PM;0.03424466;1.167453;2.566566;-0.3805503;1.03729;2.487796
1/26/2025 4:53:09 PM;-0.662021;1.108694;2.25069;-0.3802287;1.037081;2.492124
1/26/2025 4:53:10 PM;-1.586381;1.034758;1.838101;-0.3087742;1.096805;2.581239
1/26/2025 4:53:11 PM;-1.586381;1.034758;1.838102;-0.2865872;1.116138;2.633441
1/26/2025 4:53:12 PM;-1.586381;1.034758;1.838102;-0.1696182;1.200676;2.479786
1/26/2025 4:53:13 PM;-1.586381;1.034758;1.838102;-0.1788601;1.22567;2.320033
1/26/2025 4:53:14 PM;-2.266356;0.9730982;1.571846;-0.1795859;1.205064;2.357703
1/26/2025 4:53:15 PM;-2.090744;0.9881964;1.740077;-0.1511066;1.167809;2.357977
1/26/2025 4:53:16 PM;-1.348026;0.9801599;1.695579;-0.05777001;1.060609;2.373651
1/26/2025 4:53:17 PM;-16.45479;-0.03357196;-4.256307;0.04271573;1.105488;2.351627
1/26/2025 4:53:18 PM;-16.478;-0.03569579;-4.260758;0.1382884;0.9600702;2.321066
1/26/2025 4:53:19 PM;-16.48773;-0.03675961;-4.261007;0.1945251;0.9537734;2.328212
1/26/2025 4:53:20 PM;-16.51262;-0.03891122;-4.265964;0.2147397;0.9513961;2.327935
1/26/2025 4:53:21 PM;-16.53021;-0.04037511;-4.268636;0.2147396;0.951396;2.327935
1/26/2025 4:53:22 PM;-16.55145;-0.04215872;-4.271985;0.2147396;0.9513959;2.327935
1/26/2025 4:53:23 PM;-16.57041;-0.04373765;-4.27461;0.2147396;0.951396;2.327935
1/26/2025 4:53:24 PM;-16.59323;-0.04565954;-4.277891;0.2147396;0.951396;2.327935
1/26/2025 4:53:25 PM;-16.65362;-0.05082238;-4.288621;0.2147396;0.951396;2.327935
1/26/2025 4:53:26 PM;-16.54396;-0.04145312;-4.265064;0.2147396;0.951396;2.327935
1/26/2025 4:53:27 PM;0.3188464;0.9414248;2.552235;0.2147396;0.951396;2.327935
1/26/2025 4:53:28 PM;0.3209847;0.936384;2.555878;0.2147395;0.9513961;2.327935
1/26/2025 4:53:29 PM;0.3209842;0.9363841;2.555878;0.2147396;0.9513959;2.327935
1/26/2025 4:53:30 PM;-0.4884198;1.344726;2.581418;-0.4309201;1.366279;2.366158
1/26/2025 4:53:31 PM;-0.4776468;1.251529;2.778464;-0.3485029;1.319937;2.130275
1/26/2025 4:53:32 PM;-0.2594204;1.098328;2.707875;-0.2243907;1.177932;2.301269
1/26/2025 4:53:33 PM;-0.2112862;1.053373;2.694665;-0.1500857;1.15232;2.304343
1/26/2025 4:53:34 PM;-0.2981074;1.110327;2.701587;-0.2085007;1.322523;2.239632
1/26/2025 4:53:35 PM;-0.3155828;1.128369;2.685872;-0.2904341;1.300398;2.253696
1/26/2025 4:53:36 PM;-0.2934215;1.119523;2.69627;-0.2905901;1.324311;2.27015
1/26/2025 4:53:37 PM;0.3039275;0.9345177;2.562801;-0.06203479;1.626141;2.337986
1/26/2025 4:53:38 PM;0.3039274;0.9345176;2.562801;-0.04996765;1.60243;2.350851
1/26/2025 4:53:39 PM;0.3039274;0.9345179;2.562801;-0.04660654;1.596661;2.362354
1/26/2025 4:53:40 PM;0.2727219;0.9134876;2.581038;-0.05439299;1.599119;2.37061
1/26/2025 4:53:41 PM;0.2827498;0.938516;2.637305;-0.05192745;1.605236;2.366078
1/26/2025 4:53:42 PM;0.08562201;1.375;2.638082;-0.05764854;1.606167;2.367328
1/26/2025 4:53:43 PM;0.08250064;1.176494;2.598549;0.0165925;1.423604;2.428286
1/26/2025 4:53:44 PM;0.1563725;0.986093;2.627381;0.08231962;0.9721463;2.396713
1/26/2025 4:53:45 PM;0.2112371;0.9662294;2.637662;0.1350349;0.9572564;2.389069
1/26/2025 4:53:46 PM;0.2103128;0.9650518;2.635115;0.1337472;0.9592461;2.389117
1/26/2025 4:53:47 PM;0.2103129;0.9650519;2.635115;0.1481853;0.9424656;2.383813
1/26/2025 4:53:48 PM;0.2103128;0.9650516;2.635115;0.1367046;0.9543792;2.387724
1/26/2025 4:53:49 PM;0.2103128;0.9650518;2.635115;0.1423265;0.9499992;2.386963
1/26/2025 4:53:50 PM;0.2103128;0.9650518;2.635115;0.1423267;0.9499993;2.386963
1/26/2025 4:53:51 PM;-0.2910433;1.217786;2.744138;-0.2672354;1.315778;2.269064
1/26/2025 4:53:52 PM;-0.3261822;1.205269;2.688223;-0.2855371;1.274113;2.303741
1/26/2025 4:53:53 PM;-0.3219126;1.179071;2.734426;-0.301772;1.285536;2.318049
1/26/2025 4:53:54 PM;-0.3631092;1.211579;2.723191;-0.3295379;1.279694;2.345851
1/26/2025 4:53:55 PM;-0.695;1.728;2.536;-0.695;1.728;2.536
1/26/2025 4:53:57 PM;-0.695;1.728;2.536;-0.695;1.728;2.536
1/26/2025 4:53:58 PM;-0.695;1.728;2.536;-0.695;1.728;2.536
1/26/2025 4:53:59 PM;-0.695;1.728;2.536;-0.695;1.728;2.536
1/26/2025 4:54:00 PM;-0.695;1.728;2.536;-0.695;1.728;2.536
1/26/2025 4:54:01 PM;-0.695;1.728;2.536;-0.695;1.728;2.536
1/26/2025 4:54:02 PM;-0.695;1.728;2.536;-0.695;1.728;2.536
1/26/2025 4:54:03 PM;-0.695;1.728;2.536;-0.695;1.728;2.536
1/26/2025 4:54:04 PM;-0.695;1.728;2.536;-0.695;1.728;2.536
timestamp;leftHandX;leftHandY;leftHandZ;rightHandX;rightHandY;rightHandZ
1/26/2025 4:54:34 PM;-0.695;1.728;2.536;-0.695;1.728;2.536
1/26/2025 4:54:36 PM;-0.695;1.728;2.536;-0.695;1.728;2.536
1/26/2025 4:54:37 PM;-0.695;1.728;2.536;-0.695;1.728;2.536
1/26/2025 4:54:38 PM;-0.695;1.728;2.536;-0.695;1.728;2.536
1/26/2025 4:54:39 PM;-0.695;1.728;2.536;-0.695;1.728;2.536
1/26/2025 4:54:40 PM;-0.695;1.728;2.536;-0.695;1.728;2.536
1/26/2025 4:54:41 PM;-0.7484593;3.509166;2.214863;-0.695;1.728;2.536
1/26/2025 4:54:42 PM;-0.7530017;3.512653;2.213837;-0.7024294;3.509542;1.887453
1/26/2025 4:54:43 PM;-0.7596379;3.520381;2.21231;-0.7191807;3.51723;1.906087
1/26/2025 4:54:44 PM;-0.7594677;3.520931;2.21293;-0.7179285;3.516535;1.905795
1/26/2025 4:54:45 PM;-0.7576366;3.520439;2.212529;-0.7177545;3.518596;1.905874
1/26/2025 4:54:46 PM;-0.7505976;3.513867;2.21585;-0.7180281;3.517981;1.906827
1/26/2025 4:54:47 PM;-0.7516949;3.513311;2.21617;-0.7181351;3.517392;1.909113
1/26/2025 4:54:48 PM;-0.7425749;3.504639;2.219458;-0.7044843;3.501215;1.90785
1/26/2025 4:54:49 PM;-0.7492639;3.514097;2.217808;-0.7175615;3.518302;1.912303
1/26/2025 4:54:50 PM;-0.7623847;3.523973;2.219618;-0.7170306;3.518253;1.912508
1/26/2025 4:54:51 PM;-0.7623848;3.523972;2.219618;-0.7170305;3.518253;1.912508
1/26/2025 4:54:52 PM;-0.695;1.728;2.536;-0.695;1.728;2.536
1/26/2025 4:54:53 PM;-0.695;1.728;2.536;-1.2558;3.976048;1.815037
1/26/2025 4:54:54 PM;-1.298249;3.812634;2.344742;-1.208867;3.889341;1.847801
1/26/2025 4:54:55 PM;-1.287428;3.800068;2.3523;-1.222808;3.876917;1.845444
1/26/2025 4:54:56 PM;-0.6140652;3.657218;2.922647;-0.4930991;3.784424;2.215109
1/26/2025 4:54:57 PM;-0.6341378;3.632447;3.035776;-0.3929321;3.735413;2.086185
1/26/2025 4:54:58 PM;-0.6932097;3.72618;2.891329;-0.5109237;3.809728;2.22009
1/26/2025 4:54:59 PM;-0.6884584;3.705973;2.896011;-0.5382286;3.806436;2.266157
1/26/2025 4:55:00 PM;-0.6874751;3.711579;2.888917;-0.5403135;3.806624;2.263243
1/26/2025 4:55:01 PM;-0.6852729;3.720483;2.882179;-0.5412472;3.81186;2.271967
1/26/2025 4:55:02 PM;-0.6900327;3.723375;2.880128;-0.5460659;3.810376;2.273845
1/26/2025 4:55:03 PM;-0.7002185;3.710465;2.908626;0.3033211;3.441702;1.873243
1/26/2025 4:55:04 PM;-0.695;1.728;2.536;0.2595266;3.614457;1.853496
1/26/2025 4:55:05 PM;-0.695;1.728;2.536;-0.695;1.728;2.536
1/26/2025 4:55:06 PM;-0.695;1.728;2.536;0.2278093;3.487131;1.87917
1/26/2025 4:55:07 PM;-0.6990913;3.709301;2.841323;0.3614838;3.376068;1.810325
1/26/2025 4:55:08 PM;-0.695;1.728;2.536;0.2967868;3.442007;1.843699
1/26/2025 4:55:09 PM;-0.695;1.728;2.536;0.3053219;3.440436;1.837902
1/26/2025 4:55:10 PM;-0.5418161;4.018775;2.800797;-0.4731224;4.072768;2.436073
1/26/2025 4:55:11 PM;-0.511065;3.981414;2.809394;-0.4674352;4.068981;2.423616
1/26/2025 4:55:12 PM;-0.1214555;3.915971;2.773489;-0.1124724;4.01313;2.380269
1/26/2025 4:55:13 PM;-0.2951161;3.986643;2.765667;-0.2138811;4.060462;2.407724
1/26/2025 4:55:14 PM;-0.3098358;3.986479;2.765809;-0.2232215;4.063332;2.39999
timestamp;leftHandX;leftHandY;leftHandZ;rightHandX;rightHandY;rightHandZ
1/26/2025 4:55:31 PM;-0.695;1.728;2.536;-0.695;1.728;2.536
1/26/2025 4:55:33 PM;-0.695;1.728;2.536;-0.695;1.728;2.536
1/26/2025 4:55:34 PM;-0.695;1.728;2.536;-0.695;1.728;2.536
1/26/2025 4:55:35 PM;-0.695;1.728;2.536;-0.695;1.728;2.536
1/26/2025 4:55:36 PM;-0.695;1.728;2.536;-0.695;1.728;2.536
1/26/2025 4:55:37 PM;-0.695;1.728;2.536;0.1962205;0.771276;2.065323
1/26/2025 4:55:38 PM;-0.695;1.728;2.536;0.3198237;0.7871078;2.125593
1/26/2025 4:55:39 PM;-0.695;1.728;2.536;-0.695;1.728;2.536
1/26/2025 4:55:40 PM;-0.695;1.728;2.536;-0.695;1.728;2.536
timestamp;leftHandX;leftHandY;leftHandZ;rightHandX;rightHandY;rightHandZ
1/26/2025 4:57:04 PM;-0.695;1.728;2.536;-0.695;1.728;2.536
1/26/2025 4:57:06 PM;-0.695;1.728;2.536;-0.695;1.728;2.536
1/26/2025 4:57:07 PM;-0.1194558;0.3877746;2.653046;-0.0692274;0.3942287;2.295167
1/26/2025 4:57:08 PM;-0.1202841;0.3759017;2.661453;-0.07197315;0.3831853;2.288742
1/26/2025 4:57:09 PM;-0.1168647;0.3763891;2.648738;-0.06686813;0.3815472;2.283013
1/26/2025 4:57:10 PM;-0.1166571;0.3826848;2.659037;-0.06685323;0.3904865;2.296694
1/26/2025 4:57:11 PM;-0.119064;0.3765039;2.650081;-0.05816931;0.3791631;2.294677
1/26/2025 4:57:12 PM;-0.1163614;0.3836404;2.653469;-0.06982046;0.3956029;2.296198
1/26/2025 4:57:13 PM;-0.117353;0.3804049;2.654725;-0.06894022;0.3856909;2.294409
1/26/2025 4:57:14 PM;-0.1128868;0.3742406;2.653546;-0.07042783;0.3928365;2.296114
1/26/2025 4:57:15 PM;-0.1135959;0.3754829;2.657509;-0.07243544;0.3982362;2.300709
1/26/2025 4:57:16 PM;-0.1148105;0.3831239;2.65149;-0.07572967;0.3970698;2.292609
1/26/2025 4:57:17 PM;-0.1118642;0.3990653;2.650406;-0.06851107;0.3942287;2.291776
1/26/2025 4:57:18 PM;-0.1165268;0.3742067;2.658283;-0.06585056;0.3929346;2.297405
1/26/2025 4:57:19 PM;-0.1143367;0.3834109;2.654301;-0.07363969;0.3952609;2.297539
1/26/2025 4:57:20 PM;-0.1180806;0.3888633;2.65646;-0.06859559;0.39066;2.296115
1/26/2025 4:57:21 PM;-0.119031;0.3876452;2.652885;-0.06596535;0.396854;2.298943
1/26/2025 4:57:22 PM;-0.1152107;0.3799642;2.658625;-0.0687359;0.4050772;2.312304
timestamp;leftHandX;leftHandY;leftHandZ;rightHandX;rightHandY;rightHandZ
1/26/2025 5:00:00 PM;-0.695;1.728;2.536;-0.695;1.728;2.536
1/26/2025 5:00:03 PM;-0.695;1.728;2.536;-0.695;1.728;2.536
1/26/2025 5:00:04 PM;-0.695;1.728;2.536;-1.355312;0.9509941;1.910646
1/26/2025 5:00:05 PM;-0.695;1.728;2.536;-1.354521;0.9548801;1.914752
1/26/2025 5:00:06 PM;-0.695;1.728;2.536;-1.594929;1.532909;1.995389
1/26/2025 5:00:07 PM;-1.459274;0.9636338;2.405811;-1.605021;1.519153;1.980002
1/26/2025 5:00:08 PM;-1.298835;0.8999036;2.245893;-1.72887;1.493927;2.03582
1/26/2025 5:00:09 PM;-1.300718;0.898837;2.228144;-1.65765;1.572416;2.022816
1/26/2025 5:00:10 PM;-0.695;1.728;2.536;-1.5574;1.59228;2.087883
1/26/2025 5:00:11 PM;-0.695;1.728;2.536;-0.2770776;1.032708;2.56723
1/26/2025 5:00:12 PM;-0.695;1.728;2.536;-0.4760985;0.5540484;2.637083
1/26/2025 5:00:13 PM;-0.695;1.728;2.536;-0.5496938;1.09392;2.372286
1/26/2025 5:00:14 PM;-0.695;1.728;2.536;-0.3891954;0.8700374;2.37857
1/26/2025 5:00:15 PM;-0.695;1.728;2.536;-0.2759033;0.9431682;2.373887
1/26/2025 5:00:16 PM;-0.695;1.728;2.536;-0.3214895;0.9168906;2.442101
1/26/2025 5:00:17 PM;-0.4874488;0.5137072;2.784903;-0.3548085;0.8764232;2.452641
1/26/2025 5:00:18 PM;-0.2020501;1.20378;2.608719;0.1666724;0.9296034;2.232214
1/26/2025 5:00:19 PM;-0.05780727;1.025692;2.666934;0.1741022;0.9259774;2.228566
1/26/2025 5:00:20 PM;-0.05291998;1.021959;2.650364;0.1647641;0.9331049;2.232734
1/26/2025 5:00:21 PM;-0.0509342;1.005378;2.655311;0.1620421;0.9361926;2.232477
1/26/2025 5:00:22 PM;0.01202106;0.9428077;2.627933;0.1584726;0.9386901;2.233338
1/26/2025 5:00:23 PM;0.05763048;0.9227036;2.627803;0.1612675;0.9380184;2.231893
1/26/2025 5:00:24 PM;0.03516603;0.9449425;2.627822;0.1570066;0.9392337;2.233828
1/26/2025 5:00:25 PM;0.044496;0.9366072;2.628191;0.1570068;0.9392328;2.233828
1/26/2025 5:00:26 PM;-0.695;1.728;2.536;-0.695;1.728;2.536
1/26/2025 5:00:27 PM;-0.5061941;1.073626;2.758049;-0.4977534;1.0916;2.437896
1/26/2025 5:00:28 PM;-0.653887;1.428484;3.177191;-0.7189394;1.26543;2.316348
1/26/2025 5:00:29 PM;-0.695;1.728;2.536;-0.695;1.728;2.536
1/26/2025 5:00:30 PM;-0.695;1.728;2.536;-0.695;1.728;2.536
1/26/2025 5:00:31 PM;-0.695;1.728;2.536;-0.695;1.728;2.536
1/26/2025 5:00:32 PM;-0.695;1.728;2.536;-0.695;1.728;2.536
1/26/2025 5:00:33 PM;-0.695;1.728;2.536;-0.695;1.728;2.536
timestamp;leftHandX;leftHandY;leftHandZ;rightHandX;rightHandY;rightHandZ
1/26/2025 5:02:13 PM;-0.695;1.728;2.536;-0.695;1.728;2.536
1/26/2025 5:02:15 PM;-0.7954904;1.308219;2.163527;-0.7165673;1.305433;1.916913
1/26/2025 5:02:16 PM;-0.7954904;1.308219;2.163527;-0.7165672;1.305434;1.916913
1/26/2025 5:02:17 PM;-0.695;1.728;2.536;-0.695;1.728;2.536
1/26/2025 5:02:18 PM;-0.695;1.728;2.536;-0.695;1.728;2.536
1/26/2025 5:02:19 PM;-1.472839;1.313957;2.59982;-1.374044;1.35631;1.881316
1/26/2025 5:02:20 PM;-1.633465;1.477332;2.586842;-1.548763;1.419718;1.972918
1/26/2025 5:02:21 PM;-1.619905;1.435648;2.523206;-1.308186;1.623038;2.074125
1/26/2025 5:02:22 PM;-1.62692;1.433548;2.535776;-1.314695;1.622781;2.062271
1/26/2025 5:02:23 PM;-0.6403888;0.9821908;2.872673;-0.4160208;1.174859;2.413313
1/26/2025 5:02:24 PM;-0.5896652;0.8930731;2.907276;-0.183423;0.9381567;2.41769
1/26/2025 5:02:25 PM;-0.2946172;0.4679271;2.842231;-0.02673239;1.025499;2.380926
1/26/2025 5:02:26 PM;0.2049322;0.8707967;2.633604;0.2644251;0.8850956;2.411601
1/26/2025 5:02:27 PM;0.1978993;0.8787142;2.635497;0.2913327;0.8745748;2.410157
1/26/2025 5:02:28 PM;0.1992255;0.877014;2.635334;0.2884655;0.8760338;2.410734
1/26/2025 5:02:29 PM;0.1992253;0.8770142;2.635334;0.2884655;0.876034;2.410734
1/26/2025 5:02:30 PM;-0.4924898;1.068107;2.825631;-0.4522148;1.088145;2.453106
1/26/2025 5:02:31 PM;-0.695;1.728;2.536;-0.695;1.728;2.536
1/26/2025 5:02:32 PM;-0.695;1.728;2.536;-0.695;1.728;2.536
1/26/2025 5:02:33 PM;-0.695;1.728;2.536;-0.695;1.728;2.536
1/26/2025 5:02:34 PM;-0.695;1.728;2.536;-0.695;1.728;2.536
1/26/2025 5:02:35 PM;-0.695;1.728;2.536;-0.695;1.728;2.536
timestamp;leftHandX;leftHandY;leftHandZ;rightHandX;rightHandY;rightHandZ
1/26/2025 5:06:32 PM;-0.695;1.728;2.536;-0.695;1.728;2.536
1/26/2025 5:06:34 PM;-0.695;1.728;2.536;-0.695;1.728;2.536
1/26/2025 5:06:35 PM;-0.695;1.728;2.536;-0.695;1.728;2.536
1/26/2025 5:06:36 PM;-0.695;1.728;2.536;-0.695;1.728;2.536
1/26/2025 5:06:37 PM;-0.695;1.728;2.536;-0.695;1.728;2.536
1/26/2025 5:06:38 PM;-0.695;1.728;2.536;-0.695;1.728;2.536
1/26/2025 5:06:39 PM;-0.695;1.728;2.536;-0.695;1.728;2.536
1/26/2025 5:06:40 PM;-0.695;1.728;2.536;-0.695;1.728;2.536
1/26/2025 5:06:41 PM;-0.695;1.728;2.536;-0.695;1.728;2.536
1/26/2025 5:06:42 PM;-0.695;1.728;2.536;-0.894085;3.515589;2.105122
1/26/2025 5:06:43 PM;-0.695;1.728;2.536;-0.8940851;3.515589;2.105122
1/26/2025 5:06:44 PM;-0.695;1.728;2.536;-0.8931152;3.521669;2.08417
1/26/2025 5:06:45 PM;-0.9028808;3.536594;2.288549;-0.8925179;3.522038;2.085175
1/26/2025 5:06:46 PM;-0.9028808;3.536594;2.288549;-0.8925179;3.522038;2.085175
1/26/2025 5:06:47 PM;-0.9028808;3.536594;2.288549;-0.8925179;3.522038;2.085175
1/26/2025 5:06:48 PM;-0.9028808;3.536594;2.288549;-0.8925179;3.522038;2.085175
1/26/2025 5:06:49 PM;-0.9028808;3.536594;2.288549;-0.8925179;3.522038;2.085175
1/26/2025 5:06:50 PM;-0.695;1.728;2.536;-0.695;1.728;2.536
1/26/2025 5:06:51 PM;-0.695;1.728;2.536;-0.695;1.728;2.536
1/26/2025 5:06:52 PM;-0.695;1.728;2.536;-0.695;1.728;2.536
1/26/2025 5:06:53 PM;-0.695;1.728;2.536;-0.4705353;3.942548;2.431612
1/26/2025 5:06:54 PM;-0.695;1.728;2.536;-0.4737532;3.946935;2.457199
1/26/2025 5:06:55 PM;-0.695;1.728;2.536;-0.5012255;3.984935;2.427537
1/26/2025 5:06:56 PM;-0.695;1.728;2.536;-0.695;1.728;2.536
timestamp;leftHandX;leftHandY;leftHandZ;rightHandX;rightHandY;rightHandZ
1/26/2025 5:07:03 PM;-0.695;1.728;2.536;-0.695;1.728;2.536
1/26/2025 5:07:05 PM;-0.695;1.728;2.536;-0.695;1.728;2.536
1/26/2025 5:07:06 PM;-0.695;1.728;2.536;-0.695;1.728;2.536
1/26/2025 5:07:07 PM;-0.695;1.728;2.536;-0.695;1.728;2.536
1/26/2025 5:07:08 PM;-0.695;1.728;2.536;-0.695;1.728;2.536
1/26/2025 5:07:09 PM;-0.695;1.728;2.536;-0.695;1.728;2.536
1/26/2025 5:07:10 PM;-0.695;1.728;2.536;-0.695;1.728;2.536
1/26/2025 5:07:11 PM;-0.695;1.728;2.536;-0.695;1.728;2.536
1/26/2025 5:07:12 PM;-0.695;1.728;2.536;-0.695;1.728;2.536
1/26/2025 5:07:13 PM;-0.695;1.728;2.536;-0.695;1.728;2.536
1/26/2025 5:07:14 PM;-0.695;1.728;2.536;-0.695;1.728;2.536
1/26/2025 5:07:15 PM;-0.695;1.728;2.536;-0.695;1.728;2.536
1/26/2025 5:07:16 PM;-0.695;1.728;2.536;-0.1126109;0.8851503;2.030549
1/26/2025 5:07:17 PM;-0.4120214;0.8137093;3.797359;-0.34986;0.7601032;3.706122
1/26/2025 5:07:18 PM;0.1439435;0.8857247;2.621949;-0.3170898;0.7542918;3.679081
1/26/2025 5:07:19 PM;0.1427999;0.8881043;2.624956;-0.3437284;0.7405431;3.689354
1/26/2025 5:07:20 PM;0.1522095;0.8826517;2.630378;-0.336614;0.7664515;3.698252
1/26/2025 5:07:21 PM;0.0922718;1.18526;2.599204;0.2219583;0.8077453;2.407011
1/26/2025 5:07:22 PM;0.07121712;1.165118;2.614678;0.2219584;0.8077452;2.407011
1/26/2025 5:07:23 PM;0.1100785;0.8919534;2.638184;0.2219584;0.807745;2.407011
1/26/2025 5:07:24 PM;0.1091135;0.8881396;2.639906;0.2176631;0.8065102;2.395609
1/26/2025 5:07:25 PM;0.1033146;0.8962796;2.639857;0.117047;0.9005144;2.436225
1/26/2025 5:07:26 PM;0.1045372;0.8952482;2.639938;0.1423093;0.8796755;2.427464
1/26/2025 5:07:27 PM;0.1045372;0.8952482;2.639938;0.1300006;0.9176539;2.437997
1/26/2025 5:07:28 PM;0.1045372;0.8952482;2.639938;0.1153565;0.8846952;2.453951
timestamp;leftHandX;leftHandY;leftHandZ;rightHandX;rightHandY;rightHandZ
1/26/2025 5:07:45 PM;-0.695;1.728;2.536;-0.695;1.728;2.536
1/26/2025 5:07:47 PM;-0.4130892;1.115512;2.668963;-0.3550869;1.138297;2.438146
1/26/2025 5:07:48 PM;-0.4123839;1.128274;2.669785;-0.3514843;1.130826;2.461796
1/26/2025 5:07:49 PM;-0.3931209;1.155502;2.694326;-0.3553883;1.161234;2.478525
1/26/2025 5:07:50 PM;-0.2115295;1.221689;2.723321;-0.2067472;1.270394;2.429458
1/26/2025 5:07:51 PM;-0.2837858;1.303888;2.755979;-0.2502908;1.325348;2.322973
1/26/2025 5:07:52 PM;-0.1609049;1.223888;2.724961;-0.1421629;1.238372;2.351969
1/26/2025 5:07:53 PM;-0.4010056;1.175062;2.712953;-0.3741743;1.257299;2.358112
1/26/2025 5:07:54 PM;-0.5571829;1.155786;2.773293;-0.5262219;1.192847;2.318854
1/26/2025 5:07:55 PM;-0.5395739;1.122292;2.778633;-0.6110908;1.185919;2.268978
1/26/2025 5:07:56 PM;-0.5551188;1.134819;2.70335;-0.3416397;1.593528;2.638921
1/26/2025 5:07:57 PM;-0.5452265;1.13371;2.721724;-0.695;1.728;2.536
1/26/2025 5:07:58 PM;-0.5764395;1.080265;2.825255;0.2113081;1.328951;1.733553
1/26/2025 5:07:59 PM;-0.3809983;0.9621237;2.804128;0.2247372;1.338517;1.504539
1/26/2025 5:08:00 PM;-0.470801;1.183167;2.716339;0.2541161;1.286539;1.42219
1/26/2025 5:08:01 PM;-0.4697288;1.121179;2.775869;0.2135032;1.305274;1.432649
1/26/2025 5:08:02 PM;-0.421386;1.030704;2.790723;0.2116491;1.315629;1.478766
1/26/2025 5:08:03 PM;-0.513166;1.073315;2.753587;0.2397323;1.260992;1.462362
1/26/2025 5:08:04 PM;-0.695;1.728;2.536;0.2112378;1.30937;1.503275
1/26/2025 5:08:05 PM;-0.695;1.728;2.536;0.3872171;0.8502436;1.60587
1/26/2025 5:08:06 PM;-0.695;1.728;2.536;-0.695;1.728;2.536
timestamp;leftHandX;leftHandY;leftHandZ;rightHandX;rightHandY;rightHandZ
1/26/2025 5:10:03 PM;-0.695;1.791;2.536;-0.695;1.791;2.536
1/26/2025 5:10:05 PM;-0.695;1.791;2.536;-0.695;1.791;2.536
1/26/2025 5:10:06 PM;0.145298;0.9540257;2.582592;0.2363113;0.9532753;2.332362
1/26/2025 5:10:07 PM;-0.695;1.791;2.536;-0.695;1.791;2.536
1/26/2025 5:10:08 PM;-0.6257788;1.119086;2.77585;-0.530055;1.196527;2.307983
1/26/2025 5:10:09 PM;-0.2319386;1.076881;2.755895;-0.2429597;1.128745;2.364946
1/26/2025 5:10:10 PM;-0.1778857;1.062205;2.749565;-0.1342868;1.157122;2.367399
1/26/2025 5:10:11 PM;-0.04904646;1.282545;2.652038;0.03054708;1.251239;2.319002
1/26/2025 5:10:12 PM;-0.08324325;1.337466;2.711706;0.05726069;1.40327;2.424545
1/26/2025 5:10:13 PM;-0.1640182;1.282303;2.710354;-0.1882556;1.309797;2.348866
1/26/2025 5:10:14 PM;-0.2217937;1.269902;2.734275;-0.1971135;1.234596;2.395652
1/26/2025 5:10:15 PM;-0.1755596;1.179851;2.773328;-0.1306856;1.234896;2.395725
1/26/2025 5:10:16 PM;-0.02031118;1.352002;2.737759;0.01809299;1.357721;2.431555
1/26/2025 5:10:17 PM;0.05273539;1.052182;2.685562;0.06808949;1.00262;2.488398
1/26/2025 5:10:18 PM;0.07851154;0.9556156;2.682926;0.09335124;0.9525231;2.485384
1/26/2025 5:10:19 PM;0.09046304;0.9491361;2.694419;0.1006253;0.9505768;2.491431
1/26/2025 5:10:20 PM;0.09146535;0.9495692;2.684649;0.1250896;0.9492766;2.471026
1/26/2025 5:10:21 PM;0.09637457;0.9507834;2.683679;0.1139474;0.9521022;2.454892
1/26/2025 5:10:22 PM;0.09479433;0.9524864;2.682983;0.1137786;0.952629;2.454747
1/26/2025 5:10:23 PM;0.09034473;0.9502885;2.686092;0.111012;0.9508603;2.453344
1/26/2025 5:10:24 PM;0.08689922;0.9513639;2.698164;0.09653038;0.9513282;2.447816
1/26/2025 5:10:25 PM;0.08863902;0.9492983;2.698418;0.1016863;0.945255;2.447632
1/26/2025 5:10:26 PM;0.09631109;0.9399731;2.699722;0.1016862;0.945255;2.447632
1/26/2025 5:10:27 PM;0.09631109;0.939973;2.699722;0.1016862;0.945255;2.447632
1/26/2025 5:10:28 PM;-0.695;1.791;2.536;-0.695;1.791;2.536
1/26/2025 5:10:29 PM;-0.5290365;1.250891;2.760027;-0.4452423;1.300203;2.31613
1/26/2025 5:10:30 PM;-0.612788;1.286833;2.954324;-0.530843;1.409534;2.322624
1/26/2025 5:10:31 PM;-0.5934137;1.219934;3.050234;-0.3230141;1.285152;2.367147
1/26/2025 5:10:32 PM;-0.5652667;1.179361;3.104289;-0.1842447;1.235548;2.402519
1/26/2025 5:10:33 PM;-0.5517005;1.120752;3.105446;-0.08913654;1.361332;2.32989
1/26/2025 5:10:34 PM;-0.556668;1.135109;3.099109;-0.08784574;1.375928;2.297929
1/26/2025 5:10:35 PM;-0.5355311;1.141121;3.067642;-0.2346186;1.583569;2.25926
1/26/2025 5:10:36 PM;-0.6203315;1.203372;2.866255;-0.4241151;1.210032;2.334861
1/26/2025 5:10:37 PM;-0.5894799;1.25937;2.81989;-0.4196576;1.223091;2.32634
1/26/2025 5:10:38 PM;-0.6013168;1.236082;2.848366;-0.4163896;1.202583;2.327477
1/26/2025 5:10:39 PM;0.1020042;1.02276;2.729314;0.3110906;2.144492;3.245241
1/26/2025 5:10:40 PM;0.102004;1.022759;2.729314;-0.05279541;1.389596;2.480287
1/26/2025 5:10:41 PM;0.1020041;1.02276;2.729314;-0.1566551;1.376129;2.472908
1/26/2025 5:10:42 PM;0.1020041;1.02276;2.729314;-0.1305653;1.366413;2.37354
1/26/2025 5:10:43 PM;0.1037335;1.022388;2.730942;-0.6327266;1.340043;2.640918
1/26/2025 5:10:44 PM;0.1037335;1.022388;2.730942;-0.7244778;1.367074;2.66212
1/26/2025 5:10:45 PM;0.09185797;1.024179;2.708878;-0.7250167;1.375674;2.653803
1/26/2025 5:10:46 PM;0.05800343;1.02306;2.70219;-0.7320068;1.375636;2.657126
1/26/2025 5:10:47 PM;0.03716964;1.037856;2.685012;-0.7294596;1.369138;2.662544
1/26/2025 5:10:48 PM;0.05818546;1.024464;2.690887;-0.04472393;1.24654;2.432005
1/26/2025 5:10:49 PM;0.05525839;1.026829;2.690441;0.06774342;1.029708;2.458491
1/26/2025 5:10:50 PM;-0.7525166;1.063345;2.858389;-0.1127859;1.339645;2.431424
1/26/2025 5:10:51 PM;-0.7403114;1.064978;2.854535;-0.2014323;1.47682;2.405476
1/26/2025 5:10:52 PM;-0.5804095;0.9754534;2.737582;-0.5512594;1.07626;2.381286
1/26/2025 5:10:53 PM;-0.5207266;0.6903114;2.751343;-0.3744362;1.312637;2.446129
1/26/2025 5:10:54 PM;-0.5223593;0.6851051;2.753858;-0.3815225;1.323184;2.446471
1/26/2025 5:10:55 PM;-0.5097994;0.9581781;2.713859;-0.3208571;1.364258;2.26873
1/26/2025 5:10:57 PM;-0.2390662;1.154238;2.783544;-0.1340019;1.252994;2.325599
1/26/2025 5:10:58 PM;-0.180086;1.150743;2.822154;-0.1724586;1.332317;2.277422
1/26/2025 5:10:59 PM;-0.4424433;1.13956;2.830789;-0.2430914;1.318672;2.230346
1/26/2025 5:11:00 PM;-0.3970214;1.212952;2.800994;-0.2512148;1.273083;2.316892
1/26/2025 5:11:01 PM;-0.09389454;1.427254;2.765762;0.06123006;1.444467;2.452651
1/26/2025 5:11:02 PM;0.05259347;1.089504;2.706602;0.08134872;1.026271;2.429873
1/26/2025 5:11:03 PM;-0.695;1.791;2.536;-0.695;1.791;2.536
1/26/2025 5:11:04 PM;-0.1296312;1.339374;2.869;-0.04574382;1.371551;2.351168
1/26/2025 5:11:05 PM;-0.1353005;1.307092;2.87096;-0.09884828;1.445535;2.306301
1/26/2025 5:11:06 PM;-0.3570423;1.213055;2.871122;-0.3142187;1.304212;2.387747
1/26/2025 5:11:07 PM;-0.4032487;1.20414;2.851839;-0.2936119;1.292759;2.380485
1/26/2025 5:11:08 PM;-0.4026776;1.201197;2.859372;-0.2985412;1.307375;2.376792
1/26/2025 5:11:09 PM;-0.3957501;1.253427;2.865297;-0.2853972;1.338051;2.369001
1/26/2025 5:11:10 PM;-0.2412197;1.179946;2.817204;-0.1726726;1.281601;2.305571
1/26/2025 5:11:11 PM;-0.2863787;1.241292;2.901966;-0.2318819;1.410158;2.213583
1/26/2025 5:11:12 PM;-0.04943168;1.348272;2.716635;-0.009395719;1.425882;2.513443
1/26/2025 5:11:13 PM;0.04904634;1.009833;2.689966;0.09211123;1.014322;2.444945
1/26/2025 5:11:14 PM;0.06189167;1.015829;2.698177;0.09638542;1.014445;2.457029
1/26/2025 5:11:15 PM;0.0689379;1.010481;2.695211;0.1069108;1.013381;2.450063
1/26/2025 5:11:16 PM;0.0689379;1.010481;2.695211;0.1069107;1.013381;2.450063
1/26/2025 5:11:17 PM;-0.695;1.791;2.536;-0.695;1.791;2.536
1/26/2025 5:11:18 PM;-0.695;1.791;2.536;-0.695;1.791;2.536
1/26/2025 5:11:19 PM;-0.695;1.791;2.536;-0.695;1.791;2.536
1/26/2025 5:11:20 PM;-0.695;1.791;2.536;-0.695;1.791;2.536
1/26/2025 5:11:21 PM;-0.695;1.791;2.536;0.4260203;0.9458587;1.880984
1/26/2025 5:11:22 PM;-0.695;1.791;2.536;-0.695;1.791;2.536
1/26/2025 5:11:23 PM;-0.695;1.791;2.536;0.3392302;0.9965515;1.923286
1/26/2025 5:11:24 PM;-0.695;1.791;2.536;0.3438722;0.9981824;1.936401
1/26/2025 5:11:25 PM;-0.695;1.791;2.536;0.3482615;1.002651;1.924496
1/26/2025 5:11:26 PM;-0.695;1.791;2.536;0.354309;0.991116;1.924851
1/26/2025 5:11:27 PM;-0.695;1.791;2.536;0.3477117;0.9926715;1.929919
1/26/2025 5:11:28 PM;-0.695;1.791;2.536;-0.2216063;1.237189;2.095668
1/26/2025 5:11:29 PM;-0.3535715;1.224202;2.900363;-0.1868737;1.183626;2.103889
1/26/2025 5:11:30 PM;-0.3535715;1.224202;2.900363;-0.4690043;1.444711;2.156486
1/26/2025 5:11:31 PM;-0.3535715;1.224202;2.900363;-0.455641;1.495391;2.18878
1/26/2025 5:11:32 PM;-0.3535715;1.224202;2.900363;-0.4560091;1.48948;2.272685
1/26/2025 5:11:33 PM;-0.2831147;1.190487;3.079059;-0.4543624;1.486357;2.256486
1/26/2025 5:11:34 PM;-0.4971448;1.34918;2.966204;-0.4790311;1.490334;2.202924
1/26/2025 5:11:35 PM;-0.695;1.791;2.536;0.3555874;0.9939182;1.947213
1/26/2025 5:11:36 PM;-0.695;1.791;2.536;0.3975703;1.344708;2.093689
1/26/2025 5:11:37 PM;-0.695;1.791;2.536;0.2398892;1.176701;2.378326
1/26/2025 5:11:38 PM;-0.695;1.791;2.536;0.2526897;0.846238;2.014727
1/26/2025 5:11:39 PM;-0.695;1.791;2.536;-0.695;1.791;2.536
1/26/2025 5:11:40 PM;-0.695;1.791;2.536;-0.695;1.791;2.536
1/26/2025 5:11:41 PM;-0.5739498;1.40096;2.754944;-0.695;1.791;2.536
1/26/2025 5:11:42 PM;-0.695;1.791;2.536;-0.695;1.791;2.536
1/26/2025 5:11:43 PM;-0.695;1.791;2.536;0.3524413;1.016636;2.158075
1/26/2025 5:11:44 PM;-0.695;1.791;2.536;0.3768672;0.9683602;2.09466
1/26/2025 5:11:45 PM;-0.695;1.791;2.536;0.3481311;0.9772846;2.114691
1/26/2025 5:11:46 PM;-0.695;1.791;2.536;0.3481311;0.9772846;2.114691
1/26/2025 5:11:47 PM;-0.695;1.791;2.536;0.3481311;0.9772846;2.114691
1/26/2025 5:11:48 PM;-0.695;1.791;2.536;0.3481311;0.9772846;2.114691
1/26/2025 5:11:49 PM;-0.695;1.791;2.536;0.3481311;0.9772846;2.114691
1/26/2025 5:11:50 PM;-0.695;1.791;2.536;0.3481311;0.9772846;2.114691
1/26/2025 5:11:51 PM;-0.695;1.791;2.536;0.3481311;0.9772846;2.114691
1/26/2025 5:11:52 PM;-0.695;1.791;2.536;0.3481311;0.9772846;2.114691
1/26/2025 5:11:53 PM;-0.695;1.791;2.536;0.3481311;0.9772846;2.114691
1/26/2025 5:11:54 PM;-0.695;1.791;2.536;0.3481311;0.9772846;2.114691
1/26/2025 5:11:55 PM;-0.695;1.791;2.536;0.3481311;0.9772846;2.114691
1/26/2025 5:11:56 PM;-0.695;1.791;2.536;0.3481311;0.9772846;2.114691
1/26/2025 5:11:57 PM;-0.695;1.791;2.536;0.3481311;0.9772846;2.114691
1/26/2025 5:11:58 PM;-0.695;1.791;2.536;0.3481311;0.9772846;2.114691
1/26/2025 5:11:59 PM;-0.695;1.791;2.536;0.3481311;0.9772846;2.114691
1/26/2025 5:12:00 PM;-0.695;1.791;2.536;0.3481311;0.9772846;2.114691
1/26/2025 5:12:01 PM;-0.695;1.791;2.536;0.3481311;0.9772846;2.114691
1/26/2025 5:12:02 PM;-0.695;1.791;2.536;0.3481311;0.9772846;2.114691
timestamp;leftHandX;leftHandY;leftHandZ;rightHandX;rightHandY;rightHandZ
1/26/2025 6:05:37 PM;-0.695;1.791;2.536;-0.695;1.791;2.536
1/26/2025 6:05:40 PM;-0.695;1.791;2.536;-0.695;1.791;2.536
1/26/2025 6:05:41 PM;-0.695;1.791;2.536;-0.695;1.791;2.536
1/26/2025 6:05:42 PM;-0.695;1.791;2.536;-0.695;1.791;2.536
1/26/2025 6:05:43 PM;-0.695;1.791;2.536;-0.695;1.791;2.536
1/26/2025 6:05:44 PM;-0.695;1.791;2.536;-0.695;1.791;2.536
1/26/2025 6:05:45 PM;-0.695;1.791;2.536;-0.695;1.791;2.536
1/26/2025 6:05:46 PM;-0.695;1.791;2.536;-0.695;1.791;2.536
1/26/2025 6:05:47 PM;-0.695;1.791;2.536;-0.695;1.791;2.536
1/26/2025 6:05:48 PM;-0.695;1.791;2.536;-0.695;1.791;2.536
1/26/2025 6:05:49 PM;-0.695;1.791;2.536;-0.695;1.791;2.536
1/26/2025 6:05:50 PM;-0.695;1.791;2.536;-0.695;1.791;2.536
1/26/2025 6:05:51 PM;-0.695;1.791;2.536;-0.695;1.791;2.536
1/26/2025 6:05:52 PM;-0.695;1.791;2.536;-0.695;1.791;2.536
1/26/2025 6:05:53 PM;-0.695;1.791;2.536;-0.695;1.791;2.536
1/26/2025 6:05:54 PM;-0.695;1.791;2.536;-0.695;1.791;2.536
1/26/2025 6:05:55 PM;-0.695;1.791;2.536;-0.695;1.791;2.536
1/26/2025 6:05:56 PM;-0.695;1.791;2.536;-0.695;1.791;2.536
1/26/2025 6:05:57 PM;-0.695;1.791;2.536;-0.695;1.791;2.536
1/26/2025 6:05:58 PM;-0.695;1.791;2.536;-0.695;1.791;2.536
1/26/2025 6:05:59 PM;-0.695;1.791;2.536;-0.695;1.791;2.536
1/26/2025 6:06:00 PM;-0.695;1.791;2.536;-0.695;1.791;2.536
1/26/2025 6:06:01 PM;-0.695;1.791;2.536;-0.695;1.791;2.536
1/26/2025 6:06:02 PM;-0.695;1.791;2.536;-0.695;1.791;2.536
1/26/2025 6:06:03 PM;-0.695;1.791;2.536;-0.695;1.791;2.536
1/26/2025 6:06:04 PM;-0.695;1.791;2.536;-0.695;1.791;2.536
1/26/2025 6:06:05 PM;-0.695;1.791;2.536;-0.695;1.791;2.536
1/26/2025 6:06:06 PM;-0.695;1.791;2.536;-0.695;1.791;2.536
1/26/2025 6:06:07 PM;-0.695;1.791;2.536;-0.695;1.791;2.536
1/26/2025 6:06:08 PM;-0.695;1.791;2.536;-0.695;1.791;2.536
1/26/2025 6:06:09 PM;-0.695;1.791;2.536;-0.695;1.791;2.536
1/26/2025 6:06:10 PM;-0.695;1.791;2.536;-0.695;1.791;2.536
1/26/2025 6:06:11 PM;-0.695;1.791;2.536;-0.695;1.791;2.536
1/26/2025 6:06:12 PM;-0.695;1.791;2.536;-0.695;1.791;2.536
1/26/2025 6:06:13 PM;-0.695;1.791;2.536;-0.695;1.791;2.536
1/26/2025 6:06:14 PM;-0.695;1.791;2.536;-0.695;1.791;2.536
1/26/2025 6:06:15 PM;-0.695;1.791;2.536;-0.695;1.791;2.536
1/26/2025 6:06:16 PM;-0.695;1.791;2.536;-0.695;1.791;2.536
1/26/2025 6:06:17 PM;-0.695;1.791;2.536;-0.695;1.791;2.536
1/26/2025 6:06:18 PM;-0.695;1.791;2.536;-0.695;1.791;2.536
1/26/2025 6:06:19 PM;-0.695;1.791;2.536;-0.695;1.791;2.536
1/26/2025 6:06:20 PM;-0.695;1.791;2.536;-0.695;1.791;2.536
1/26/2025 6:06:21 PM;-0.695;1.791;2.536;-0.695;1.791;2.536
1/26/2025 6:06:22 PM;-0.695;1.791;2.536;-0.695;1.791;2.536
1/26/2025 6:06:23 PM;-0.695;1.791;2.536;-0.695;1.791;2.536
1/26/2025 6:06:24 PM;-0.695;1.791;2.536;-0.695;1.791;2.536
1/26/2025 6:06:25 PM;-0.695;1.791;2.536;-0.695;1.791;2.536
1/26/2025 6:06:26 PM;-0.695;1.791;2.536;-0.695;1.791;2.536
1/26/2025 6:06:27 PM;-0.695;1.791;2.536;-0.695;1.791;2.536
1/26/2025 6:06:28 PM;-0.695;1.791;2.536;-0.695;1.791;2.536
1/26/2025 6:06:29 PM;-0.695;1.791;2.536;-0.695;1.791;2.536
1/26/2025 6:06:30 PM;-0.695;1.791;2.536;-0.695;1.791;2.536
1/26/2025 6:06:31 PM;-0.695;1.791;2.536;-0.695;1.791;2.536
1/26/2025 6:06:32 PM;-0.695;1.791;2.536;-0.695;1.791;2.536
1/26/2025 6:06:33 PM;-0.695;1.791;2.536;-0.695;1.791;2.536
1/26/2025 6:06:34 PM;-0.695;1.791;2.536;-0.695;1.791;2.536
1/26/2025 6:06:35 PM;-0.695;1.791;2.536;-0.695;1.791;2.536
1/26/2025 6:06:36 PM;-0.695;1.791;2.536;-0.695;1.791;2.536
1/26/2025 6:06:37 PM;-0.695;1.791;2.536;-0.695;1.791;2.536
1/26/2025 6:06:38 PM;-0.695;1.791;2.536;-0.695;1.791;2.536
1/26/2025 6:06:39 PM;-0.695;1.791;2.536;-0.695;1.791;2.536
1/26/2025 6:06:40 PM;-0.695;1.791;2.536;-0.695;1.791;2.536
1/26/2025 6:06:41 PM;-0.695;1.791;2.536;-0.695;1.791;2.536
1/26/2025 6:06:42 PM;-0.695;1.791;2.536;-0.695;1.791;2.536
1/26/2025 6:06:43 PM;-0.695;1.791;2.536;-0.695;1.791;2.536
1/26/2025 6:06:44 PM;-0.695;1.791;2.536;-0.695;1.791;2.536
1/26/2025 6:06:45 PM;-0.695;1.791;2.536;-0.695;1.791;2.536
1/26/2025 6:06:46 PM;-0.695;1.791;2.536;-0.695;1.791;2.536
1/26/2025 6:06:47 PM;-0.695;1.791;2.536;-0.695;1.791;2.536
1/26/2025 6:06:48 PM;-0.695;1.791;2.536;-0.695;1.791;2.536
1/26/2025 6:06:49 PM;-0.695;1.791;2.536;-0.695;1.791;2.536
1/26/2025 6:06:50 PM;-0.695;1.791;2.536;-0.695;1.791;2.536
1/26/2025 6:06:51 PM;-0.695;1.791;2.536;-0.695;1.791;2.536
1/26/2025 6:06:52 PM;-0.695;1.791;2.536;-0.695;1.791;2.536
1/26/2025 6:06:53 PM;-0.695;1.791;2.536;-0.695;1.791;2.536
1/26/2025 6:06:54 PM;-0.695;1.791;2.536;-0.695;1.791;2.536
1/26/2025 6:06:55 PM;-0.695;1.791;2.536;-0.695;1.791;2.536
1/26/2025 6:06:56 PM;-0.695;1.791;2.536;-0.695;1.791;2.536
1/26/2025 6:06:57 PM;-0.695;1.791;2.536;-0.695;1.791;2.536
1/26/2025 6:06:58 PM;-0.695;1.791;2.536;-0.695;1.791;2.536
1/26/2025 6:06:59 PM;-0.695;1.791;2.536;-0.695;1.791;2.536
1/26/2025 6:07:00 PM;-0.695;1.791;2.536;-0.695;1.791;2.536
1/26/2025 6:07:01 PM;-0.695;1.791;2.536;-0.695;1.791;2.536
1/26/2025 6:07:02 PM;-0.695;1.791;2.536;-0.695;1.791;2.536
1/26/2025 6:07:03 PM;-0.695;1.791;2.536;-0.695;1.791;2.536
1/26/2025 6:07:04 PM;-0.695;1.791;2.536;-0.695;1.791;2.536
1/26/2025 6:07:05 PM;-0.695;1.791;2.536;-0.695;1.791;2.536
1/26/2025 6:07:06 PM;-0.695;1.791;2.536;-0.695;1.791;2.536
1/26/2025 6:07:07 PM;-0.695;1.791;2.536;-0.695;1.791;2.536
1/26/2025 6:07:08 PM;-0.695;1.791;2.536;-0.695;1.791;2.536
1/26/2025 6:07:09 PM;-0.695;1.791;2.536;-0.695;1.791;2.536
1/26/2025 6:07:10 PM;-0.695;1.791;2.536;-0.695;1.791;2.536
1/26/2025 6:07:11 PM;-0.695;1.791;2.536;-0.695;1.791;2.536
1/26/2025 6:07:12 PM;-0.695;1.791;2.536;-0.695;1.791;2.536
1/26/2025 6:07:13 PM;-0.695;1.791;2.536;-0.695;1.791;2.536
1/26/2025 6:07:14 PM;-0.695;1.791;2.536;-0.695;1.791;2.536
1/26/2025 6:07:15 PM;-0.695;1.791;2.536;-0.695;1.791;2.536
1/26/2025 6:07:16 PM;-0.695;1.791;2.536;-0.695;1.791;2.536
1/26/2025 6:07:17 PM;-0.695;1.791;2.536;-0.695;1.791;2.536
1/26/2025 6:07:18 PM;-0.695;1.791;2.536;-0.695;1.791;2.536
1/26/2025 6:07:19 PM;-0.695;1.791;2.536;-0.695;1.791;2.536
1/26/2025 6:07:20 PM;-0.695;1.791;2.536;-0.695;1.791;2.536
1/26/2025 6:07:21 PM;-0.695;1.791;2.536;-0.695;1.791;2.536
1/26/2025 6:07:22 PM;-0.695;1.791;2.536;-0.695;1.791;2.536
1/26/2025 6:07:23 PM;-0.695;1.791;2.536;-0.695;1.791;2.536
1/26/2025 6:07:24 PM;-0.695;1.791;2.536;-0.695;1.791;2.536
1/26/2025 6:07:25 PM;-0.695;1.791;2.536;-0.695;1.791;2.536
1/26/2025 6:07:26 PM;-0.695;1.791;2.536;-0.695;1.791;2.536
1/26/2025 6:07:27 PM;-0.695;1.791;2.536;-0.695;1.791;2.536
1/26/2025 6:07:28 PM;-0.695;1.791;2.536;-0.695;1.791;2.536
1/26/2025 6:07:29 PM;-0.695;1.791;2.536;-0.695;1.791;2.536
1/26/2025 6:07:30 PM;-0.695;1.791;2.536;-0.695;1.791;2.536
1/26/2025 6:07:31 PM;-0.695;1.791;2.536;-0.695;1.791;2.536
1/26/2025 6:07:32 PM;-0.695;1.791;2.536;-0.695;1.791;2.536
1/26/2025 6:07:33 PM;-0.695;1.791;2.536;-0.695;1.791;2.536
1/26/2025 6:07:34 PM;-0.695;1.791;2.536;-0.695;1.791;2.536
1/26/2025 6:07:35 PM;-0.695;1.791;2.536;-0.695;1.791;2.536
1/26/2025 6:07:36 PM;-0.695;1.791;2.536;-0.695;1.791;2.536
1/26/2025 6:07:37 PM;-0.695;1.791;2.536;-0.695;1.791;2.536
1/26/2025 6:07:38 PM;-0.695;1.791;2.536;-0.695;1.791;2.536
1/26/2025 6:07:39 PM;-0.695;1.791;2.536;-0.695;1.791;2.536
1/26/2025 6:07:40 PM;-0.695;1.791;2.536;-0.695;1.791;2.536
1/26/2025 6:07:41 PM;-0.695;1.791;2.536;-0.695;1.791;2.536
1/26/2025 6:07:42 PM;-0.695;1.791;2.536;-0.695;1.791;2.536
1/26/2025 6:07:43 PM;-0.695;1.791;2.536;-0.695;1.791;2.536
1/26/2025 6:07:44 PM;-0.695;1.791;2.536;-0.695;1.791;2.536
1/26/2025 6:07:45 PM;-0.695;1.791;2.536;-0.695;1.791;2.536
1/26/2025 6:07:46 PM;-0.695;1.791;2.536;-0.695;1.791;2.536
1/26/2025 6:07:47 PM;-0.695;1.791;2.536;-0.695;1.791;2.536
1/26/2025 6:07:48 PM;-0.695;1.791;2.536;-0.695;1.791;2.536
1/26/2025 6:07:49 PM;-0.695;1.791;2.536;-0.695;1.791;2.536
1/26/2025 6:07:50 PM;-0.695;1.791;2.536;-0.695;1.791;2.536
timestamp;leftHandX;leftHandY;leftHandZ;rightHandX;rightHandY;rightHandZ
1/26/2025 6:11:02 PM;-0.695;1.791;2.536;-0.695;1.791;2.536
1/26/2025 6:11:05 PM;-0.6720595;1.293847;2.626273;-0.7109197;1.313169;2.458036
1/26/2025 6:11:06 PM;-0.6720595;1.293847;2.626273;-0.711178;1.313913;2.458745
1/26/2025 6:11:07 PM;-0.695;1.791;2.536;-0.695;1.791;2.536
1/26/2025 6:11:08 PM;-0.695;1.791;2.536;-0.695;1.791;2.536
1/26/2025 6:11:09 PM;-0.695;1.791;2.536;-0.695;1.791;2.536
1/26/2025 6:11:10 PM;-0.695;1.791;2.536;-0.695;1.791;2.536
1/26/2025 6:11:11 PM;-0.695;1.791;2.536;-1.055849;1.254656;2.253905
1/26/2025 6:11:12 PM;-0.695;1.791;2.536;-1.045251;1.253891;2.256935
1/26/2025 6:11:13 PM;-0.695;1.791;2.536;-1.053579;1.256339;2.260144
1/26/2025 6:11:14 PM;-0.695;1.791;2.536;-1.053089;1.259454;2.259451
1/26/2025 6:11:15 PM;-0.695;1.791;2.536;-1.054026;1.259733;2.258966
1/26/2025 6:11:16 PM;-0.695;1.791;2.536;-1.057041;1.244184;2.254386
1/26/2025 6:11:17 PM;-0.695;1.791;2.536;-1.05945;1.25013;2.255451
1/26/2025 6:11:18 PM;-0.695;1.791;2.536;-0.695;1.791;2.536
1/26/2025 6:11:19 PM;-0.695;1.791;2.536;-0.695;1.791;2.536
1/26/2025 6:11:20 PM;-0.695;1.791;2.536;-1.221645;1.623946;2.738868
1/26/2025 6:11:21 PM;-0.695;1.791;2.536;-1.22262;1.619978;2.743257
1/26/2025 6:11:22 PM;-0.695;1.791;2.536;-0.766821;1.61082;2.02803
1/26/2025 6:11:23 PM;-0.695;1.791;2.536;-0.695;1.791;2.536
1/26/2025 6:11:24 PM;-0.695;1.791;2.536;-0.2002067;1.242754;2.324596
1/26/2025 6:11:25 PM;-0.695;1.791;2.536;-0.2260598;1.254245;2.325258
1/26/2025 6:11:26 PM;-0.695;1.791;2.536;-0.695;1.791;2.536
1/26/2025 6:11:27 PM;-0.695;1.791;2.536;-0.695;1.791;2.536
1/26/2025 6:11:28 PM;-0.695;1.791;2.536;-0.695;1.791;2.536
1/26/2025 6:11:29 PM;-0.695;1.791;2.536;-0.695;1.791;2.536
1/26/2025 6:11:30 PM;-0.695;1.791;2.536;-0.695;1.791;2.536
1/26/2025 6:11:31 PM;-0.695;1.791;2.536;0.1304767;1.36512;2.095306
1/26/2025 6:11:32 PM;-0.695;1.791;2.536;0.449196;1.087255;2.045707
1/26/2025 6:11:33 PM;-0.695;1.791;2.536;0.4189433;1.1247;2.070974
1/26/2025 6:11:34 PM;-0.695;1.791;2.536;0.46209;1.078642;2.043017
1/26/2025 6:11:35 PM;-0.695;1.791;2.536;0.4588272;1.072901;2.034241
1/26/2025 6:11:36 PM;-0.695;1.791;2.536;-0.0695594;0.9815273;2.037302
1/26/2025 6:11:37 PM;-0.695;1.791;2.536;-0.07618213;0.9641611;2.032588
1/26/2025 6:11:38 PM;-0.695;1.791;2.536;-0.06997335;0.9961892;2.025575
1/26/2025 6:11:39 PM;-0.695;1.791;2.536;-0.07207054;0.9921579;2.02773
1/26/2025 6:11:40 PM;-0.695;1.791;2.536;-0.06299317;0.9891307;2.03963
1/26/2025 6:11:41 PM;-0.695;1.791;2.536;-0.0629459;0.9912822;2.041372
1/26/2025 6:11:42 PM;-0.695;1.791;2.536;-0.06480563;0.9929962;2.043025
1/26/2025 6:11:43 PM;-0.695;1.791;2.536;-0.07604098;0.9822893;2.04081
1/26/2025 6:11:44 PM;-0.695;1.791;2.536;-0.07165217;0.975169;2.038238
1/26/2025 6:11:45 PM;-0.695;1.791;2.536;0.0705263;1.146216;1.98581
1/26/2025 6:11:46 PM;-0.695;1.791;2.536;-0.1353902;0.9957542;1.995111
1/26/2025 6:11:47 PM;-0.695;1.791;2.536;-0.07611871;0.964474;2.011999
1/26/2025 6:11:48 PM;-0.695;1.791;2.536;-0.3417769;1.407311;2.095308
1/26/2025 6:11:49 PM;-0.695;1.791;2.536;-0.695;1.791;2.536
1/26/2025 6:11:50 PM;-0.695;1.791;2.536;0.5015242;1.051268;1.997884
1/26/2025 6:11:51 PM;-0.695;1.791;2.536;0.4752018;1.058829;1.981472
1/26/2025 6:11:52 PM;-0.695;1.791;2.536;0.1935883;1.455912;2.057764
1/26/2025 6:11:53 PM;-0.695;1.791;2.536;-0.695;1.791;2.536
1/26/2025 6:11:54 PM;-0.695;1.791;2.536;-0.6176996;1.233991;2.33616
1/26/2025 6:11:55 PM;-0.6639771;1.115374;2.978679;-0.7004911;1.209254;2.181381
1/26/2025 6:11:56 PM;-0.3671781;1.121885;3.118494;-0.4772879;1.172575;2.066764
1/26/2025 6:11:57 PM;-0.1803055;1.133402;3.097069;-0.2314282;1.15974;1.989243
1/26/2025 6:11:58 PM;-0.186362;1.132044;3.113379;-0.2163839;1.165822;1.987243
1/26/2025 6:11:59 PM;-0.1975825;1.153179;3.112076;-0.1918293;1.165494;1.989289
1/26/2025 6:12:00 PM;-0.1873698;1.141056;3.119251;-0.1856413;1.159457;1.987645
1/26/2025 6:12:01 PM;-0.1811881;1.128166;3.122172;-0.1780615;1.147087;1.996463
1/26/2025 6:12:02 PM;-0.1850432;1.133601;3.136401;-0.1746888;1.141708;1.994393
1/26/2025 6:12:03 PM;-0.1845168;1.143728;3.130352;-0.174449;1.146777;1.994293
1/26/2025 6:12:04 PM;-0.1891949;1.145239;3.137599;-0.1730305;1.131054;1.982651
1/26/2025 6:12:05 PM;-0.1830176;1.134159;3.137279;-0.1802916;1.134839;1.986925
1/26/2025 6:12:06 PM;-0.1795862;1.129787;3.14171;-0.1653417;1.130476;1.980522
1/26/2025 6:12:07 PM;-0.2001497;1.149852;3.136712;-0.1786021;1.137977;1.980614
1/26/2025 6:12:08 PM;-0.3739011;1.273074;2.87039;-0.4783866;1.355708;2.242463
1/26/2025 6:12:09 PM;-0.1601917;1.253272;2.817466;-0.05499399;1.352338;2.382575
1/26/2025 6:12:10 PM;-0.1917177;1.257691;2.835277;-0.0280751;1.304012;2.375581
1/26/2025 6:12:11 PM;-0.4873247;1.199578;2.733134;-0.554292;1.238415;2.292713
1/26/2025 6:12:12 PM;-0.695;1.791;2.536;-0.695;1.791;2.536
1/26/2025 6:12:13 PM;-0.3492831;1.386217;2.524715;-0.695;1.791;2.536
1/26/2025 6:12:14 PM;-0.3719813;1.37339;2.520985;-0.695;1.791;2.536
1/26/2025 6:12:15 PM;-0.2887419;1.342842;2.59041;-0.695;1.791;2.536
1/26/2025 6:12:16 PM;-0.1743402;1.201334;2.700793;-0.695;1.791;2.536
1/26/2025 6:12:17 PM;-0.2994668;1.217361;2.690851;-0.695;1.791;2.536
1/26/2025 6:12:18 PM;-0.4810041;1.249618;2.654801;-0.4012779;1.319623;2.498464
1/26/2025 6:12:19 PM;-0.5396218;1.199488;2.662557;-0.3826871;1.22718;2.420045
1/26/2025 6:12:20 PM;-0.5440894;1.203885;2.663639;-0.384882;1.223151;2.398057
1/26/2025 6:12:21 PM;-0.5449878;1.203417;2.664971;-0.380127;1.202851;2.395099
1/26/2025 6:12:22 PM;-0.5456233;1.203279;2.66803;-0.387468;1.203912;2.393542
1/26/2025 6:12:23 PM;-0.5472754;1.203071;2.678986;-0.4031843;1.210124;2.439742
1/26/2025 6:12:24 PM;-0.5479361;1.202102;2.6766;-0.3937599;1.1955;2.42366
1/26/2025 6:12:25 PM;-0.5494164;1.204065;2.678571;-0.403371;1.214991;2.408607
1/26/2025 6:12:26 PM;-0.5486287;1.201186;2.677878;-0.3976442;1.203345;2.402952
1/26/2025 6:12:27 PM;-0.5357414;1.210261;2.679241;-0.4005395;1.211729;2.394644
1/26/2025 6:12:28 PM;-0.5329368;1.213478;2.677573;-0.4022267;1.20826;2.432046
1/26/2025 6:12:29 PM;-0.5346867;1.21215;2.680614;-0.4093055;1.210397;2.444091
1/26/2025 6:12:30 PM;-0.5355269;1.208632;2.684383;-0.3954414;1.190111;2.43009
1/26/2025 6:12:31 PM;-0.538075;1.210271;2.682301;-0.4012673;1.203375;2.398613
1/26/2025 6:12:32 PM;-0.5393217;1.209276;2.678416;-0.4042605;1.206485;2.388925
1/26/2025 6:12:33 PM;-0.5385317;1.208333;2.686424;-0.3992355;1.193266;2.415096
1/26/2025 6:12:34 PM;-0.5389651;1.208672;2.686992;-0.4024251;1.194081;2.423027
1/26/2025 6:12:35 PM;-0.5396382;1.207665;2.686236;-0.4060248;1.196218;2.428709
1/26/2025 6:12:36 PM;-0.5390848;1.208842;2.689778;-0.4021822;1.188611;2.433286
1/26/2025 6:12:37 PM;-0.5403219;1.20978;2.689116;-0.4090167;1.206618;2.398243
1/26/2025 6:12:38 PM;-0.5369288;1.214301;2.695682;-0.4029329;1.199568;2.434493
1/26/2025 6:12:39 PM;-0.5340528;1.222161;2.694398;-0.3966267;1.19728;2.429741
1/26/2025 6:12:40 PM;-0.5359898;1.218033;2.69534;-0.397509;1.189515;2.430525
1/26/2025 6:12:41 PM;-0.6321362;1.048856;2.590572;-0.3670248;1.20695;2.377403
1/26/2025 6:12:42 PM;-0.5259302;1.137063;2.620301;-0.315577;1.239237;2.352683
1/26/2025 6:12:43 PM;-0.3273705;1.220404;2.688661;-0.2541599;1.270897;2.354633
1/26/2025 6:12:44 PM;-0.09094024;1.210155;2.714378;-0.03262466;1.227422;2.376676
1/26/2025 6:12:45 PM;0.03415167;1.003197;2.689797;0.04995698;1.011747;2.457773
1/26/2025 6:12:46 PM;-0.1677075;1.3186;2.750906;-0.1342246;1.337255;2.423125
1/26/2025 6:12:47 PM;-0.5844218;1.142302;2.776727;-0.5026289;1.217908;2.324216
1/26/2025 6:12:48 PM;-0.587685;1.162556;2.75133;-0.5308271;1.153426;2.355031
1/26/2025 6:12:49 PM;-0.611238;1.090398;3.155336;-0.6444814;1.27517;2.041912
1/26/2025 6:12:50 PM;-0.3562244;1.113633;3.102299;-0.3802878;1.195423;2.029179
1/26/2025 6:12:51 PM;-0.192463;1.138707;3.110332;-0.2476363;1.198974;2.025109
1/26/2025 6:12:52 PM;-0.1843591;1.150401;3.110963;-0.1975965;1.194899;2.002687
1/26/2025 6:12:53 PM;-0.1718752;1.145162;3.104934;-0.2283622;1.189416;2.010357
1/26/2025 6:12:54 PM;-0.1854176;1.142758;3.109283;-0.2116773;1.176963;1.998608
1/26/2025 6:12:55 PM;-0.1808187;1.143669;3.099308;-0.2108448;1.164089;2.002157
1/26/2025 6:12:56 PM;-0.1679034;1.147944;3.096936;-0.179201;1.131926;1.981103
1/26/2025 6:12:57 PM;-0.16666;1.148119;3.109901;-0.1734662;1.128835;1.975024
1/26/2025 6:12:58 PM;-0.1623341;1.148438;3.112132;-0.1740518;1.123673;1.969399
1/26/2025 6:12:59 PM;-0.1707072;1.166182;3.104571;-0.1701851;1.135921;1.978666
1/26/2025 6:13:00 PM;-0.1663209;1.157109;3.118343;-0.205786;1.151508;1.987915
1/26/2025 6:13:01 PM;-0.1623161;1.16011;3.118263;-0.1989706;1.146115;1.973215
1/26/2025 6:13:02 PM;-0.3891734;1.165313;3.163065;-0.3503209;1.164711;2.048257
1/26/2025 6:13:03 PM;-0.4242183;1.16524;2.820668;-0.4220361;1.22099;2.289853
1/26/2025 6:13:04 PM;-0.1560512;1.241234;2.761834;-0.1200222;1.271034;2.349217
1/26/2025 6:13:05 PM;-0.162635;1.329631;2.836392;-0.1745369;1.383311;2.280985
1/26/2025 6:13:06 PM;0.2575329;2.401002;2.504246;0.4002932;2.294731;2.722876
1/26/2025 6:13:07 PM;-0.2664689;1.255539;2.672691;-0.2589732;1.279593;2.396167
1/26/2025 6:13:08 PM;-0.2970744;1.276027;2.679029;-0.2706894;1.275002;2.395983
1/26/2025 6:13:09 PM;-0.2999303;1.282021;2.696445;-0.275535;1.242334;2.439002
1/26/2025 6:13:10 PM;-0.2983269;1.277156;2.705803;-0.2793518;1.240793;2.446707
1/26/2025 6:13:11 PM;-0.3005328;1.273317;2.711737;-0.2653498;1.214753;2.445423
1/26/2025 6:13:12 PM;-0.2998886;1.276396;2.708918;-0.2745572;1.236436;2.398222
1/26/2025 6:13:13 PM;-0.2974713;1.277403;2.713428;-0.2616051;1.210995;2.411425
1/26/2025 6:13:14 PM;-0.2987425;1.274809;2.71414;-0.2806213;1.224131;2.460104
1/26/2025 6:13:15 PM;-0.3008481;1.276157;2.718305;-0.2735098;1.212368;2.462016
1/26/2025 6:13:16 PM;-0.3015519;1.281015;2.724361;-0.2737695;1.21621;2.453961
1/26/2025 6:13:17 PM;-0.3029113;1.29249;2.720206;-0.2735976;1.22761;2.415117
1/26/2025 6:13:18 PM;-0.3023322;1.285571;2.720132;-0.2640291;1.209519;2.415839
1/26/2025 6:13:19 PM;-0.3067899;1.28521;2.719924;-0.2737688;1.224292;2.39706
1/26/2025 6:13:20 PM;-0.3073488;1.285639;2.720712;-0.2659734;1.211085;2.410557
1/26/2025 6:13:21 PM;-0.3065997;1.282751;2.724494;-0.2702735;1.208523;2.443296
1/26/2025 6:13:22 PM;-0.3009506;1.286674;2.726411;-0.2810094;1.218259;2.466469
1/26/2025 6:13:23 PM;-0.3025104;1.289513;2.728997;-0.275578;1.208783;2.466019
1/26/2025 6:13:24 PM;-0.3047585;1.285304;2.728968;-0.2762828;1.216658;2.440382
1/26/2025 6:13:25 PM;-0.306818;1.286865;2.729786;-0.2700903;1.203011;2.443725
1/26/2025 6:13:26 PM;-0.3114988;1.292744;2.73209;-0.278182;1.222552;2.410438
1/26/2025 6:13:27 PM;-0.3105965;1.289974;2.733357;-0.2674301;1.201494;2.429708
1/26/2025 6:13:28 PM;-0.3100365;1.289925;2.733768;-0.2695132;1.204208;2.429421
1/26/2025 6:13:29 PM;-0.3075897;1.295682;2.730122;-0.2771373;1.220713;2.426991
1/26/2025 6:13:30 PM;-0.3086888;1.29383;2.727231;-0.2785139;1.220908;2.42708
1/26/2025 6:13:31 PM;-0.3097098;1.290378;2.727627;-0.2789513;1.222513;2.405863
1/26/2025 6:13:32 PM;-0.3097906;1.286688;2.729333;-0.2696995;1.202754;2.424964
1/26/2025 6:13:33 PM;-0.3112417;1.292377;2.733846;-0.2875665;1.220712;2.459516
1/26/2025 6:13:34 PM;-0.3075099;1.296703;2.733996;-0.2712083;1.197079;2.463426
1/26/2025 6:13:35 PM;-0.310372;1.292054;2.735312;-0.2782259;1.208555;2.449399
1/26/2025 6:13:36 PM;-0.3110347;1.289361;2.73823;-0.2835712;1.216275;2.447356
1/26/2025 6:13:37 PM;-0.3115773;1.289317;2.739324;-0.2727739;1.199912;2.441544
1/26/2025 6:13:38 PM;-0.2652369;1.24922;2.716999;-0.2633955;1.219745;2.416678
1/26/2025 6:13:39 PM;-0.2828747;1.173242;2.747907;-0.1834946;1.230084;2.401073
1/26/2025 6:13:40 PM;-0.1086332;1.124273;2.709286;-0.00415802;1.199368;2.445361
1/26/2025 6:13:41 PM;-0.695;1.791;2.536;-0.695;1.791;2.536
1/26/2025 6:13:42 PM;-0.16518;1.299514;2.758018;-0.1541003;1.32814;2.415064
1/26/2025 6:13:43 PM;-0.5966548;1.031219;2.905066;-0.5848977;1.042812;2.14685
1/26/2025 6:13:44 PM;-0.2646612;1.141507;3.07668;-0.3712907;1.13748;2.004562
1/26/2025 6:13:45 PM;-0.1880803;1.129429;3.136075;-0.2014418;1.148575;2.009565
1/26/2025 6:13:46 PM;-0.1735436;1.118669;3.109002;-0.1957792;1.150903;2.00402
1/26/2025 6:13:47 PM;-0.1880507;1.141233;3.113426;-0.1846434;1.154789;2.010477
1/26/2025 6:13:48 PM;-0.1724466;1.121885;3.110224;-0.1810796;1.141177;1.987947
1/26/2025 6:13:49 PM;-0.1722821;1.140855;3.098401;-0.1688349;1.155954;1.986571
1/26/2025 6:13:50 PM;-0.1763517;1.144176;3.096792;-0.1791779;1.156572;1.990864
1/26/2025 6:13:51 PM;-0.179387;1.142807;3.097277;-0.1763887;1.146048;1.990276
1/26/2025 6:13:52 PM;-0.1806231;1.134002;3.097692;-0.1816613;1.124446;1.988569
1/26/2025 6:13:53 PM;-0.1777858;1.124965;3.095657;-0.1723844;1.129625;1.991228
1/26/2025 6:13:54 PM;-0.1840587;1.120126;3.098137;-0.1797363;1.136124;1.997413
1/26/2025 6:13:55 PM;-0.1788697;1.125672;3.102145;-0.1826102;1.145956;2.007017
1/26/2025 6:13:56 PM;-0.2026308;1.12981;3.104224;-0.2099679;1.139673;2.001502
1/26/2025 6:13:58 PM;-0.400656;1.269701;2.827323;-0.3547856;1.296316;2.285915
1/26/2025 6:13:59 PM;-0.1089198;1.271415;2.76458;-0.10144;1.316541;2.374033
1/26/2025 6:14:00 PM;-0.2984149;1.284186;2.708296;-0.1380552;1.331282;2.365828
1/26/2025 6:14:01 PM;-0.2912093;1.223406;2.672146;-0.2027085;1.229642;2.382485
1/26/2025 6:14:02 PM;-0.2459067;1.06438;2.679698;-0.1837819;1.104183;2.372179
1/26/2025 6:14:03 PM;-0.3012992;1.204633;2.762662;-0.2257088;1.139669;2.430858
1/26/2025 6:14:04 PM;-0.299601;1.1913;2.766296;-0.2151137;1.118403;2.423146
1/26/2025 6:14:05 PM;-0.3039578;1.188377;2.768836;-0.2229037;1.124683;2.422072
1/26/2025 6:14:06 PM;-0.3069695;1.190827;2.770281;-0.2311648;1.132258;2.423655
1/26/2025 6:14:07 PM;-0.306134;1.189346;2.771168;-0.2315939;1.132542;2.425985
1/26/2025 6:14:08 PM;-0.305466;1.186623;2.773441;-0.2210285;1.115957;2.429624
1/26/2025 6:14:09 PM;-0.3058046;1.185874;2.773209;-0.2341766;1.133759;2.432914
1/26/2025 6:14:10 PM;-0.3056661;1.185879;2.773991;-0.2403947;1.136657;2.461777
1/26/2025 6:14:11 PM;-0.3067155;1.183514;2.778268;-0.2365894;1.132161;2.448868
1/26/2025 6:14:12 PM;-0.3018549;1.18291;2.759361;-0.2273707;1.123279;2.431303
1/26/2025 6:14:13 PM;-0.2986948;1.179866;2.780026;-0.2239464;1.113156;2.443649
1/26/2025 6:14:14 PM;-0.3003418;1.176648;2.766352;-0.2284018;1.121065;2.431827
1/26/2025 6:14:15 PM;-0.3029532;1.177615;2.773218;-0.230846;1.124763;2.4297
1/26/2025 6:14:16 PM;-0.2980544;1.182291;2.768981;-0.2301952;1.128786;2.425589
1/26/2025 6:14:17 PM;-0.2987146;1.190177;2.766938;-0.2313714;1.135048;2.423489
1/26/2025 6:14:18 PM;-0.29961;1.183056;2.77183;-0.2322158;1.129335;2.430669
1/26/2025 6:14:19 PM;-0.3041634;1.180002;2.776524;-0.2361259;1.131661;2.428065
1/26/2025 6:14:20 PM;-0.3038477;1.178473;2.777278;-0.2327203;1.123243;2.436507
1/26/2025 6:14:21 PM;-0.3048428;1.179093;2.778848;-0.2274498;1.115688;2.437227
1/26/2025 6:14:22 PM;-0.3053331;1.179114;2.780858;-0.2282393;1.117148;2.436515
1/26/2025 6:14:23 PM;-0.3060714;1.179703;2.782587;-0.2322361;1.121709;2.438207
1/26/2025 6:14:24 PM;-0.30327;1.179528;2.778305;-0.2324474;1.122457;2.441818
1/26/2025 6:14:25 PM;-0.2994946;1.185632;2.775286;-0.2388771;1.122094;2.48934
1/26/2025 6:14:26 PM;-0.3015353;1.181857;2.777731;-0.2398264;1.124969;2.473656
1/26/2025 6:14:27 PM;-0.3036587;1.178929;2.779495;-0.2287921;1.11283;2.456843
1/26/2025 6:14:28 PM;-0.30449;1.177971;2.780517;-0.2282932;1.117547;2.434815
1/26/2025 6:14:29 PM;-0.3036717;1.179232;2.779498;-0.2512972;1.134341;2.485614
1/26/2025 6:14:30 PM;-0.3008395;1.184902;2.776236;-0.2368135;1.127975;2.457325
1/26/2025 6:14:31 PM;-0.3031971;1.180346;2.777028;-0.2297215;1.117504;2.443273
1/26/2025 6:14:32 PM;-0.3054869;1.178619;2.779646;-0.2341576;1.120564;2.448657
1/26/2025 6:14:33 PM;-0.3063385;1.178941;2.782262;-0.2424468;1.117621;2.492199
1/26/2025 6:14:34 PM;-0.3046975;1.180241;2.779482;-0.2417483;1.118099;2.489687
1/26/2025 6:14:35 PM;-0.304078;1.180817;2.780784;-0.2287507;1.101676;2.478257
1/26/2025 6:14:36 PM;-0.305957;1.178077;2.781815;-0.2373335;1.120251;2.453228
1/26/2025 6:14:37 PM;-0.30698;1.177915;2.782935;-0.2321287;1.113171;2.451741
1/26/2025 6:14:38 PM;-0.3073314;1.178027;2.783552;-0.2369795;1.12027;2.452747
1/26/2025 6:14:39 PM;-0.3087953;1.178943;2.78147;-0.2384404;1.12302;2.452162
1/26/2025 6:14:40 PM;-0.302387;1.173597;2.776103;-0.241399;1.133649;2.447355
1/26/2025 6:14:41 PM;-0.2486614;1.145971;2.779906;-0.1425232;1.205982;2.382537
1/26/2025 6:14:42 PM;-0.003051996;1.036148;2.722876;0.02811998;1.01512;2.4198
1/26/2025 6:14:43 PM;-0.1236174;1.31273;2.700394;-0.1362311;1.300352;2.402862
1/26/2025 6:14:44 PM;-0.695;1.791;2.536;-0.695;1.791;2.536
1/26/2025 6:14:45 PM;-0.695;1.791;2.536;-0.695;1.791;2.536
1/26/2025 6:14:46 PM;-0.695;1.791;2.536;-0.695;1.791;2.536
1/26/2025 6:14:47 PM;-0.695;1.791;2.536;-0.695;1.791;2.536
1/26/2025 6:14:48 PM;-0.695;1.791;2.536;-0.695;1.791;2.536
1/26/2025 6:14:49 PM;-0.695;1.791;2.536;-0.695;1.791;2.536
1/26/2025 6:14:50 PM;-0.695;1.791;2.536;-0.695;1.791;2.536
1/26/2025 6:14:51 PM;-0.695;1.791;2.536;-0.695;1.791;2.536
1/26/2025 6:14:52 PM;-0.695;1.791;2.536;-0.695;1.791;2.536
1/26/2025 6:14:53 PM;-0.695;1.791;2.536;-0.695;1.791;2.536
1/26/2025 6:14:54 PM;-0.695;1.791;2.536;-0.695;1.791;2.536
1/26/2025 6:14:55 PM;-0.695;1.791;2.536;-0.695;1.791;2.536
1/26/2025 6:14:56 PM;-0.695;1.791;2.536;-0.695;1.791;2.536
1/26/2025 6:14:57 PM;-0.695;1.791;2.536;-0.695;1.791;2.536
1/26/2025 6:14:58 PM;-0.695;1.791;2.536;-0.695;1.791;2.536
1/26/2025 6:14:59 PM;-0.695;1.791;2.536;-0.695;1.791;2.536
1/26/2025 6:15:00 PM;-0.695;1.791;2.536;-0.695;1.791;2.536
1/26/2025 6:15:01 PM;-0.695;1.791;2.536;-0.695;1.791;2.536
1/26/2025 6:15:02 PM;-0.695;1.791;2.536;-0.695;1.791;2.536
1/26/2025 6:15:03 PM;-0.695;1.791;2.536;-0.695;1.791;2.536
1/26/2025 6:15:04 PM;-0.695;1.791;2.536;-0.695;1.791;2.536
1/26/2025 6:15:05 PM;-0.695;1.791;2.536;-0.695;1.791;2.536
1/26/2025 6:15:06 PM;-0.695;1.791;2.536;-0.695;1.791;2.536
1/26/2025 6:15:07 PM;-0.695;1.791;2.536;-0.695;1.791;2.536
1/26/2025 6:15:08 PM;-0.695;1.791;2.536;-0.695;1.791;2.536
1/26/2025 6:15:09 PM;-0.695;1.791;2.536;-0.695;1.791;2.536
1/26/2025 6:15:10 PM;-0.695;1.791;2.536;-0.695;1.791;2.536
1/26/2025 6:15:11 PM;-0.695;1.791;2.536;-0.695;1.791;2.536
1/26/2025 6:15:12 PM;-0.695;1.791;2.536;-0.695;1.791;2.536
1/26/2025 6:15:13 PM;-0.695;1.791;2.536;-0.695;1.791;2.536
1/26/2025 6:15:14 PM;-0.695;1.791;2.536;-0.695;1.791;2.536
1/26/2025 6:15:15 PM;-0.695;1.791;2.536;-0.695;1.791;2.536
1/26/2025 6:15:16 PM;-0.695;1.791;2.536;-0.695;1.791;2.536
1/26/2025 6:15:17 PM;-0.695;1.791;2.536;-0.695;1.791;2.536
1/26/2025 6:15:18 PM;-0.695;1.791;2.536;-0.695;1.791;2.536
1/26/2025 6:15:19 PM;-0.695;1.791;2.536;-0.695;1.791;2.536
1/26/2025 6:15:20 PM;-0.695;1.791;2.536;-0.695;1.791;2.536
1/26/2025 6:15:21 PM;-0.695;1.791;2.536;-0.695;1.791;2.536
1/26/2025 6:15:22 PM;-0.695;1.791;2.536;-0.695;1.791;2.536
1/26/2025 6:15:23 PM;-0.695;1.791;2.536;-0.695;1.791;2.536
1/26/2025 6:15:24 PM;-0.695;1.791;2.536;-0.695;1.791;2.536
1/26/2025 6:15:25 PM;-0.695;1.791;2.536;-0.695;1.791;2.536
1/26/2025 6:15:26 PM;-0.695;1.791;2.536;-0.695;1.791;2.536
1/26/2025 6:15:27 PM;-0.695;1.791;2.536;-0.695;1.791;2.536
1/26/2025 6:15:28 PM;-0.695;1.791;2.536;-0.695;1.791;2.536
1/26/2025 6:15:29 PM;-0.695;1.791;2.536;-0.695;1.791;2.536
1/26/2025 6:15:30 PM;-0.695;1.791;2.536;-0.695;1.791;2.536
1/26/2025 6:15:31 PM;-0.695;1.791;2.536;-0.695;1.791;2.536
1/26/2025 6:15:32 PM;-0.695;1.791;2.536;-0.695;1.791;2.536
1/26/2025 6:15:33 PM;-0.695;1.791;2.536;-0.695;1.791;2.536
1/26/2025 6:15:34 PM;-0.695;1.791;2.536;-0.695;1.791;2.536
1/26/2025 6:15:35 PM;-0.695;1.791;2.536;-0.695;1.791;2.536
1/26/2025 6:15:36 PM;-0.695;1.791;2.536;-0.695;1.791;2.536
1/26/2025 6:15:37 PM;-0.695;1.791;2.536;-0.695;1.791;2.536
1/26/2025 6:15:38 PM;-0.695;1.791;2.536;-0.695;1.791;2.536
1/26/2025 6:15:39 PM;-0.695;1.791;2.536;-0.695;1.791;2.536
1/26/2025 6:15:40 PM;-0.695;1.791;2.536;-0.695;1.791;2.536
1/26/2025 6:15:41 PM;-0.695;1.791;2.536;-0.695;1.791;2.536
1/26/2025 6:15:42 PM;-0.695;1.791;2.536;-0.695;1.791;2.536
1/26/2025 6:15:43 PM;-0.695;1.791;2.536;-0.695;1.791;2.536
1/26/2025 6:15:44 PM;-0.695;1.791;2.536;-0.695;1.791;2.536
1/26/2025 6:15:45 PM;-0.695;1.791;2.536;-0.695;1.791;2.536
1/26/2025 6:15:46 PM;-0.695;1.791;2.536;-0.695;1.791;2.536
1/26/2025 6:15:47 PM;-0.695;1.791;2.536;-0.695;1.791;2.536
1/26/2025 6:15:48 PM;-0.695;1.791;2.536;-0.695;1.791;2.536
1/26/2025 6:15:49 PM;-0.695;1.791;2.536;-0.695;1.791;2.536
1/26/2025 6:15:50 PM;-0.695;1.791;2.536;-0.695;1.791;2.536
1/26/2025 6:15:51 PM;-0.695;1.791;2.536;-0.695;1.791;2.536
1/26/2025 6:15:52 PM;-0.695;1.791;2.536;-0.695;1.791;2.536
1/26/2025 6:15:53 PM;-0.695;1.791;2.536;-0.695;1.791;2.536
1/26/2025 6:15:54 PM;-0.695;1.791;2.536;-0.695;1.791;2.536
1/26/2025 6:15:55 PM;-0.695;1.791;2.536;-0.695;1.791;2.536
1/26/2025 6:15:56 PM;-0.695;1.791;2.536;-0.695;1.791;2.536
1/26/2025 6:15:57 PM;-0.695;1.791;2.536;-0.695;1.791;2.536
1/26/2025 6:15:58 PM;-0.695;1.791;2.536;-0.695;1.791;2.536
1/26/2025 6:15:59 PM;-0.695;1.791;2.536;-0.695;1.791;2.536
1/26/2025 6:16:00 PM;-0.695;1.791;2.536;-0.695;1.791;2.536
1/26/2025 6:16:01 PM;-0.695;1.791;2.536;-0.695;1.791;2.536
1/26/2025 6:16:02 PM;-0.695;1.791;2.536;-0.695;1.791;2.536
1/26/2025 6:16:03 PM;-0.695;1.791;2.536;-0.695;1.791;2.536
1/26/2025 6:16:04 PM;-0.695;1.791;2.536;-0.695;1.791;2.536
1/26/2025 6:16:05 PM;-0.695;1.791;2.536;-0.695;1.791;2.536
1/26/2025 6:16:06 PM;-0.695;1.791;2.536;-0.695;1.791;2.536
1/26/2025 6:16:07 PM;-0.695;1.791;2.536;-0.695;1.791;2.536
1/26/2025 6:16:08 PM;-0.695;1.791;2.536;-0.695;1.791;2.536
1/26/2025 6:16:09 PM;-0.695;1.791;2.536;-0.695;1.791;2.536
1/26/2025 6:16:10 PM;-0.695;1.791;2.536;-0.695;1.791;2.536
1/26/2025 6:16:11 PM;-0.695;1.791;2.536;-0.695;1.791;2.536
1/26/2025 6:16:12 PM;-0.695;1.791;2.536;-0.695;1.791;2.536
1/26/2025 6:16:13 PM;-0.695;1.791;2.536;-0.695;1.791;2.536
1/26/2025 6:16:14 PM;-0.695;1.791;2.536;-0.695;1.791;2.536
1/26/2025 6:16:15 PM;-0.695;1.791;2.536;-0.695;1.791;2.536
1/26/2025 6:16:16 PM;-0.695;1.791;2.536;-0.695;1.791;2.536
1/26/2025 6:16:17 PM;-0.695;1.791;2.536;-0.695;1.791;2.536
1/26/2025 6:16:18 PM;-0.695;1.791;2.536;-0.695;1.791;2.536
1/26/2025 6:16:19 PM;-0.695;1.791;2.536;-0.695;1.791;2.536
1/26/2025 6:16:20 PM;-0.695;1.791;2.536;-0.695;1.791;2.536
1/26/2025 6:16:21 PM;-0.695;1.791;2.536;-0.695;1.791;2.536
1/26/2025 6:16:22 PM;-0.695;1.791;2.536;-0.695;1.791;2.536
1/26/2025 6:16:23 PM;-0.695;1.791;2.536;-0.695;1.791;2.536
1/26/2025 6:16:24 PM;-0.695;1.791;2.536;-0.695;1.791;2.536
1/26/2025 6:16:25 PM;-0.695;1.791;2.536;-0.695;1.791;2.536
1/26/2025 6:16:26 PM;-0.695;1.791;2.536;-0.695;1.791;2.536
1/26/2025 6:16:27 PM;-0.695;1.791;2.536;-0.695;1.791;2.536
1/26/2025 6:16:28 PM;-0.695;1.791;2.536;-0.695;1.791;2.536
1/26/2025 6:16:29 PM;-0.695;1.791;2.536;-0.695;1.791;2.536
1/26/2025 6:16:30 PM;-0.695;1.791;2.536;-0.695;1.791;2.536
1/26/2025 6:16:31 PM;-0.695;1.791;2.536;-0.695;1.791;2.536
1/26/2025 6:16:32 PM;-0.695;1.791;2.536;-0.695;1.791;2.536
1/26/2025 6:16:33 PM;-0.695;1.791;2.536;-0.695;1.791;2.536
1/26/2025 6:16:34 PM;-0.695;1.791;2.536;-0.695;1.791;2.536
1/26/2025 6:16:35 PM;-0.695;1.791;2.536;-0.695;1.791;2.536
1/26/2025 6:16:36 PM;-0.695;1.791;2.536;-0.695;1.791;2.536
1/26/2025 6:16:37 PM;-0.695;1.791;2.536;-0.695;1.791;2.536
1/26/2025 6:16:38 PM;-0.695;1.791;2.536;-0.695;1.791;2.536
1/26/2025 6:16:39 PM;-0.695;1.791;2.536;-0.695;1.791;2.536
1/26/2025 6:16:40 PM;-0.695;1.791;2.536;-0.695;1.791;2.536
1/26/2025 6:16:41 PM;-0.695;1.791;2.536;-0.695;1.791;2.536
1/26/2025 6:16:42 PM;-0.695;1.791;2.536;-0.695;1.791;2.536
1/26/2025 6:16:43 PM;-0.695;1.791;2.536;-0.695;1.791;2.536
1/26/2025 6:16:44 PM;-0.695;1.791;2.536;-0.695;1.791;2.536
1/26/2025 6:16:45 PM;-0.695;1.791;2.536;-0.695;1.791;2.536
1/26/2025 6:16:46 PM;-0.695;1.791;2.536;-0.695;1.791;2.536
1/26/2025 6:16:47 PM;-0.695;1.791;2.536;-0.695;1.791;2.536
1/26/2025 6:16:48 PM;-0.695;1.791;2.536;-0.695;1.791;2.536
1/26/2025 6:16:49 PM;-0.695;1.791;2.536;-0.695;1.791;2.536
1/26/2025 6:16:50 PM;-0.695;1.791;2.536;-0.695;1.791;2.536
1/26/2025 6:16:51 PM;-0.695;1.791;2.536;-0.695;1.791;2.536
1/26/2025 6:16:52 PM;-0.695;1.791;2.536;-0.695;1.791;2.536
1/26/2025 6:16:53 PM;-0.695;1.791;2.536;-0.695;1.791;2.536
1/26/2025 6:16:54 PM;-0.695;1.791;2.536;-0.695;1.791;2.536
1/26/2025 6:16:55 PM;-0.695;1.791;2.536;-0.695;1.791;2.536
1/26/2025 6:16:56 PM;-0.695;1.791;2.536;-0.695;1.791;2.536
1/26/2025 6:16:57 PM;-0.695;1.791;2.536;-0.695;1.791;2.536
1/26/2025 6:16:58 PM;-0.695;1.791;2.536;-0.695;1.791;2.536
1/26/2025 6:16:59 PM;-0.695;1.791;2.536;-0.695;1.791;2.536
1/26/2025 6:17:00 PM;-0.695;1.791;2.536;-0.695;1.791;2.536
